house,year,party,seats,spectrum
camara,2026,PL,121,far_right
camara,2026,PT,70,left
camara,2026,UNIAO,46,centre_right
camara,2026,PSD,43,centre_right
camara,2026,PP,41,centre_right
camara,2026,REPUBLICANOS,41,right
camara,2026,MDB,36,centre
camara,2026,PODEMOS,27,centre_right
camara,2026,PSB,15,centre_left
camara,2026,PSOL,14,far_left
camara,2026,PCDOB,11,left
camara,2026,PSDB,11,centre_right
camara,2026,NOVO,10,right
camara,2026,PV,7,centre_left
camara,2026,PDT,6,centre_left
camara,2026,PRD,5,right
camara,2026,AVANTE,5,centre
camara,2026,SOLIDARIEDADE,2,centre_right
camara,2026,REDE,1,centre_left
camara,2026,MISSAO,1,right
senado,2027,PL,28,far_right
senado,2027,PT,9,left
senado,2027,MDB,8,centre
senado,2027,UNIAO,6,centre_right
senado,2027,REPUBLICANOS,6,right
senado,2027,PP,5,centre_right
senado,2027,PSD,5,centre_right
senado,2027,PSB,4,centre_left
senado,2027,NOVO,3,right
senado,2027,PSDB,2,centre_right
senado,2027,PODEMOS,2,centre_right
senado,2027,REDE,1,centre_left
senado,2027,PDT,1,centre_left
senado,2027,SEM_PARTIDO,1,none
senado,2023,PL,14,far_right
senado,2023,PSD,15,centre_right
senado,2023,MDB,10,centre
senado,2023,PT,9,left
senado,2023,UNIAO,9,centre_right
senado,2023,PP,7,centre_right
senado,2023,PSDB,3,centre_right
senado,2023,PODEMOS,2,centre_right
senado,2023,REPUBLICANOS,4,right
senado,2023,NOVO,1,right
senado,2023,PSB,4,centre_left
senado,2023,PDT,2,centre_left
senado,2023,REDE,1,centre_left
