era,spectrum,parties
1990-1998,far_right,PRONA
1990-1998,right,"PFL; PDS/PPR/PPB; PRN; PP (1994); PDC; PSC; PSD (old); PST; PTR; PRS; PRP; PSL"
1990-1998,centre_right,"PTB; PL; PSDB (from 1994)"
1990-1998,centre,"PMDB; PMN; PSDB (1990 only)"
1990-1998,centre_left,"PDT; PSB; PPS; PV"
1990-1998,left,"PT; PCdoB"
1990-1998,far_left,"PCB (1990)"
2002-2010,far_right,PRONA
2002-2010,right,"PFL/DEM; PPB/PP; PR; PSC; PRB; PHS; PTC; PRP; PRTB; PSL; PSDC; PST; PSD (old)"
2002-2010,centre_right,"PSDB; PTB; PL (until 2006)"
2002-2010,centre,"PMDB; PMN; PTdoB"
2002-2010,centre_left,"PSB; PDT; PPS; PV"
2002-2010,left,"PT; PCdoB"
2002-2010,far_left,PSOL
2014-2026,far_right,"PSL (2018); PL (2022, 2026)"
2014-2026,right,"PR/PL (until 2018); DEM; PRB/Republicanos; PTB; PSC; Novo; PEN/Patriota; PHS; PRP; PRTB; PTC; PSDC/DC; PRD; Missão"
2014-2026,centre_right,"PSDB; PSD; PP; SD/Solidariedade; PROS; PTN/Podemos; União Brasil"
2014-2026,centre,"PMDB/MDB; PPS/Cidadania; PTdoB/Avante; PMN"
2014-2026,centre_left,"PSB; PDT; PV; Rede"
2014-2026,left,"PT; PCdoB; PPL"
2014-2026,far_left,PSOL
