election,winner,winner_party,runner_up,runner_up_party,winner_1st_pct,runner_up_1st_pct,winner_2nd_pct,runner_up_2nd_pct,note
1989,Fernando Collor,PRN,Luiz Inácio Lula da Silva,PT,30.47,17.18,53.03,46.97,
1994,Fernando Henrique Cardoso,PSDB,Luiz Inácio Lula da Silva,PT,54.27,27.04,,,won in the first round
1998,Fernando Henrique Cardoso,PSDB,Luiz Inácio Lula da Silva,PT,53.06,31.71,,,won in the first round
2002,Luiz Inácio Lula da Silva,PT,José Serra,PSDB,46.44,23.19,61.27,38.73,
2006,Luiz Inácio Lula da Silva,PT,Geraldo Alckmin,PSDB,48.61,41.64,60.83,39.17,
2010,Dilma Rousseff,PT,José Serra,PSDB,46.91,32.61,56.05,43.95,
2014,Dilma Rousseff,PT,Aécio Neves,PSDB,41.59,33.55,51.64,48.36,
2018,Jair Bolsonaro,PSL,Fernando Haddad,PT,46.03,29.28,55.13,44.87,
2022,Luiz Inácio Lula da Silva,PT,Jair Bolsonaro,PL,48.43,43.20,50.90,49.10,
2026,Flávio Bolsonaro,PL,Luiz Inácio Lula da Silva,PT,47.03,45.16,,,first round leader; run-off on 25 October 2026 pending
