uf,election,party,seats
AC,1998,PFL,3
AC,1998,PT,2
AC,1998,PDT,1
AC,1998,PMDB,1
AC,1998,PPB,1
AC,2002,PT,3
AC,2002,PMDB,2
AC,2002,PCDOB,1
AC,2002,PPS,1
AC,2002,PPB,1
AC,2006,PT,3
AC,2006,PCDOB,1
AC,2006,PMN,1
AC,2006,PP,1
AC,2006,PMDB,1
AC,2006,PPS,1
AC,2010,PT,2
AC,2010,PSDB,1
AC,2010,PMDB,1
AC,2010,PCDOB,1
AC,2010,PP,1
AC,2010,PV,1
AC,2010,PSC,1
AC,2014,PT,3
AC,2014,PMDB,2
AC,2014,PSB,1
AC,2014,PSDB,1
AC,2014,PRB,1
AC,2018,MDB,2
AC,2018,PSDB,1
AC,2018,DEM,1
AC,2018,SD,1
AC,2018,PCDOB,1
AC,2018,PT,1
AC,2018,PDT,1
AC,2022,PP,3
AC,2022,UNIÃO,3
AC,2022,REPUBLICANOS,2
AC,2026,PP,2
AC,2026,UNIÃO,2
AC,2026,MDB,1
AC,2026,REPUBLICANOS,1
AC,2026,PCDOB,1
AC,2026,PL,1
AL,1998,PSDB,2
AL,1998,PMDB,1
AL,1998,PMN,1
AL,1998,PFL,1
AL,1998,PSD,1
AL,1998,PSB,1
AL,1998,PTB,1
AL,1998,PPS,1
AL,2002,PTB,2
AL,2002,PFL,2
AL,2002,PSB,2
AL,2002,PMDB,1
AL,2002,PL,1
AL,2002,PSDB,1
AL,2006,PMDB,3
AL,2006,PFL,2
AL,2006,PP,1
AL,2006,PSB,1
AL,2006,PDT,1
AL,2006,PMN,1
AL,2010,PMDB,2
AL,2010,PTB,2
AL,2010,PSDB,1
AL,2010,PSB,1
AL,2010,PP,1
AL,2010,PR,1
AL,2010,PTDOB,1
AL,2014,SD,1
AL,2014,PMDB,1
AL,2014,PSDB,1
AL,2014,PP,1
AL,2014,PDT,1
AL,2014,PROS,1
AL,2014,PR,1
AL,2014,PRTB,1
AL,2014,PT,1
AL,2018,PSB,1
AL,2018,PP,1
AL,2018,PSD,1
AL,2018,PR,1
AL,2018,PTB,1
AL,2018,MDB,1
AL,2018,PRB,1
AL,2018,PT,1
AL,2018,PSDB,1
AL,2022,PP,4
AL,2022,MDB,2
AL,2022,UNIÃO,1
AL,2022,PV,1
AL,2022,REPUBLICANOS,1
AL,2026,PP,3
AL,2026,PSD,2
AL,2026,MDB,2
AL,2026,UNIÃO,1
AL,2026,PSDB,1
AP,1998,PSDB,3
AP,1998,PFL,2
AP,1998,PMDB,1
AP,1998,PTB,1
AP,1998,PSB,1
AP,2002,PT,2
AP,2002,PDT,2
AP,2002,PSB,1
AP,2002,PPB,1
AP,2002,PSDB,1
AP,2002,PTB,1
AP,2006,PMDB,2
AP,2006,PSB,1
AP,2006,PT,1
AP,2006,PPS,1
AP,2006,PFL,1
AP,2006,PCDOB,1
AP,2006,PDT,1
AP,2010,PSB,1
AP,2010,PT,1
AP,2010,DEM,1
AP,2010,PMDB,1
AP,2010,PCDOB,1
AP,2010,PDT,1
AP,2010,PSDB,1
AP,2010,PR,1
AP,2014,PDT,1
AP,2014,PSB,1
AP,2014,PMDB,1
AP,2014,PR,1
AP,2014,PT,1
AP,2014,PRB,1
AP,2014,PSC,1
AP,2014,PTB,1
AP,2018,PSB,1
AP,2018,PROS,1
AP,2018,PR,1
AP,2018,PRB,1
AP,2018,PCDOB,1
AP,2018,PSDB,1
AP,2018,PP,1
AP,2018,AVANTE,1
AP,2022,PDT,2
AP,2022,MDB,1
AP,2022,REPUBLICANOS,1
AP,2022,PL,1
AP,2022,PCDOB,1
AP,2022,PP,1
AP,2022,PSOL,1
AP,2026,UNIÃO,3
AP,2026,PDT,2
AP,2026,PL,1
AP,2026,PCDOB,1
AP,2026,PODE,1
AM,1998,PFL,4
AM,1998,PSDB,1
AM,1998,PCDOB,1
AM,1998,PPB,1
AM,1998,PL,1
AM,2002,PCDOB,1
AM,2002,PL,3
AM,2002,PFL,3
AM,2002,PTB,1
AM,2006,PP,2
AM,2006,PFL,1
AM,2006,PT,1
AM,2006,PTB,1
AM,2006,PCDOB,1
AM,2006,PMDB,1
AM,2006,PSB,1
AM,2010,PT,1
AM,2010,PP,2
AM,2010,PMDB,1
AM,2010,PSC,1
AM,2010,DEM,1
AM,2010,PTB,1
AM,2010,PR,1
AM,2014,PSDB,1
AM,2014,PSD,2
AM,2014,PR,1
AM,2014,PMDB,1
AM,2014,PPS,1
AM,2014,DEM,1
AM,2014,PP,1
AM,2018,PT,1
AM,2018,PSL,1
AM,2018,PP,1
AM,2018,PRB,2
AM,2018,PR,1
AM,2018,PSD,1
AM,2018,SOLIDARIEDADE,1
AM,2022,CIDADANIA,1
AM,2022,PL,1
AM,2022,UNIÃO,2
AM,2022,REPUBLICANOS,2
AM,2022,PSD,2
AM,2026,PL,2
AM,2026,PSD,1
AM,2026,MDB,2
AM,2026,UNIÃO,2
AM,2026,REPUBLICANOS,1
BA,1998,PFL,20
BA,1998,PMDB,3
BA,1998,PTB,1
BA,1998,PT,5
BA,1998,PSDB,6
BA,1998,PL,1
BA,1998,PPB,1
BA,1998,PCDOB,1
BA,1998,PDT,1
BA,2002,PFL,19
BA,2002,PT,7
BA,2002,PTB,1
BA,2002,PMDB,3
BA,2002,PCDOB,2
BA,2002,PSDB,2
BA,2002,PPB,2
BA,2002,PPS,1
BA,2002,PDT,1
BA,2002,PV,1
BA,2006,PFL,13
BA,2006,PMDB,1
BA,2006,PT,8
BA,2006,PSB,1
BA,2006,PSDB,2
BA,2006,PP,3
BA,2006,PL,3
BA,2006,PCDOB,2
BA,2006,PPS,2
BA,2006,PDT,3
BA,2006,PV,1
BA,2010,DEM,6
BA,2010,PMDB,2
BA,2010,PT,10
BA,2010,PP,4
BA,2010,PRB,1
BA,2010,PDT,4
BA,2010,PCDOB,3
BA,2010,PSDB,2
BA,2010,PR,3
BA,2010,PSC,2
BA,2010,PTB,1
BA,2010,PRP,1
BA,2014,PMDB,1
BA,2014,PP,4
BA,2014,PSC,2
BA,2014,PTB,2
BA,2014,PCDOB,2
BA,2014,PDT,1
BA,2014,PT,8
BA,2014,PSDB,3
BA,2014,PRB,2
BA,2014,PR,2
BA,2014,DEM,4
BA,2014,PSD,4
BA,2014,PSB,1
BA,2014,SD,1
BA,2014,PTN,1
BA,2014,PTC,1
BA,2018,AVANTE,2
BA,2018,PSD,5
BA,2018,PODE,1
BA,2018,PSL,1
BA,2018,PT,7
BA,2018,PCDOB,2
BA,2018,PP,4
BA,2018,PSB,2
BA,2018,DEM,4
BA,2018,PSDB,1
BA,2018,PRB,2
BA,2018,PDT,2
BA,2018,PR,2
BA,2018,PPL,1
BA,2018,PHS,2
BA,2018,PRP,1
BA,2022,PSD,6
BA,2022,UNIÃO,6
BA,2022,PP,4
BA,2022,PL,3
BA,2022,PDT,2
BA,2022,MDB,1
BA,2022,PT,7
BA,2022,PCDOB,2
BA,2022,PSDB,1
BA,2022,REPUBLICANOS,3
BA,2022,PSB,1
BA,2022,PV,1
BA,2022,AVANTE,1
BA,2022,PODE,1
BA,2026,AVANTE,3
BA,2026,PSD,6
BA,2026,PT,7
BA,2026,PP,2
BA,2026,PL,4
BA,2026,MDB,1
BA,2026,REPUBLICANOS,3
BA,2026,PSDB,2
BA,2026,UNIÃO,6
BA,2026,PCDOB,3
BA,2026,PSB,1
BA,2026,PDT,1
CE,1998,PCDOB,1
CE,1998,PSDB,12
CE,1998,PMDB,5
CE,1998,PPB,1
CE,1998,PFL,1
CE,1998,PT,1
CE,1998,PSB,1
CE,2002,PCDOB,1
CE,2002,PFL,2
CE,2002,PMDB,5
CE,2002,PSDB,8
CE,2002,PT,2
CE,2002,PPS,1
CE,2002,PL,2
CE,2002,PPB,1
CE,2006,PSB,2
CE,2006,PMDB,6
CE,2006,PCDOB,1
CE,2006,PSDB,5
CE,2006,PTB,1
CE,2006,PT,4
CE,2006,PL,1
CE,2006,PP,2
CE,2010,PSB,4
CE,2010,PT,4
CE,2010,PMDB,5
CE,2010,PCDOB,2
CE,2010,PDT,1
CE,2010,PTB,1
CE,2010,PR,2
CE,2010,PP,1
CE,2010,PSDB,2
CE,2014,DEM,1
CE,2014,SD,1
CE,2014,PT,4
CE,2014,PROS,3
CE,2014,PMDB,3
CE,2014,PPS,1
CE,2014,PR,2
CE,2014,PDT,1
CE,2014,PRB,1
CE,2014,PHS,1
CE,2014,PSL,1
CE,2014,PSDB,1
CE,2014,PTB,1
CE,2014,PCDOB,1
CE,2018,PROS,2
CE,2018,PV,1
CE,2018,PT,3
CE,2018,PDT,6
CE,2018,PP,1
CE,2018,MDB,1
CE,2018,PTB,1
CE,2018,SOLIDARIEDADE,1
CE,2018,PSD,1
CE,2018,PSB,1
CE,2018,PSDB,1
CE,2018,PSL,1
CE,2018,PATRIOTA,1
CE,2018,PR,1
CE,2022,PL,6
CE,2022,PSD,3
CE,2022,MDB,1
CE,2022,PDT,5
CE,2022,PT,3
CE,2022,PP,1
CE,2022,UNIÃO,3
CE,2026,PL,4
CE,2026,PSB,4
CE,2026,MDB,2
CE,2026,PRD,1
CE,2026,PSD,3
CE,2026,UNIÃO,1
CE,2026,PT,3
CE,2026,PP,2
CE,2026,REPUBLICANOS,1
CE,2026,SOLIDARIEDADE,1
DF,1998,PPB,2
DF,1998,PMDB,1
DF,1998,PFL,1
DF,1998,PCDOB,1
DF,1998,PT,2
DF,1998,PSDB,1
DF,2002,PFL,1
DF,2002,PMDB,3
DF,2002,PT,2
DF,2002,PCDOB,1
DF,2002,PSD,1
DF,2006,PMDB,2
DF,2006,PFL,2
DF,2006,PT,1
DF,2006,PPS,1
DF,2006,PTB,1
DF,2006,PSB,1
DF,2010,PDT,1
DF,2010,PT,3
DF,2010,PMN,1
DF,2010,PR,2
DF,2010,PMDB,1
DF,2014,DEM,1
DF,2014,PSD,1
DF,2014,PT,1
DF,2014,PROS,1
DF,2014,PMDB,1
DF,2014,PSDB,1
DF,2014,SD,1
DF,2014,PR,1
DF,2018,PR,1
DF,2018,PT,1
DF,2018,PRP,1
DF,2018,PRB,1
DF,2018,PV,1
DF,2018,DEM,1
DF,2018,PPS,1
DF,2018,PP,1
DF,2022,PL,2
DF,2022,REPUBLICANOS,2
DF,2022,PT,1
DF,2022,MDB,1
DF,2022,PV,1
DF,2022,PSB,1
DF,2026,PSOL,1
DF,2026,MDB,1
DF,2026,PL,3
DF,2026,REPUBLICANOS,1
DF,2026,PT,1
DF,2026,PV,1
ES,1998,PSDB,3
ES,1998,PMDB,1
ES,1998,PFL,1
ES,1998,PTB,3
ES,1998,PPB,1
ES,1998,PT,1
ES,2002,PPB,2
ES,2002,PMDB,1
ES,2002,PTB,1
ES,2002,PT,1
ES,2002,PSB,1
ES,2002,PSDB,2
ES,2002,PDT,1
ES,2002,PL,1
ES,2006,PMDB,4
ES,2006,PDT,2
ES,2006,PSDB,1
ES,2006,PL,1
ES,2006,PT,1
ES,2006,PSC,1
ES,2010,PSB,2
ES,2010,PDT,3
ES,2010,PMDB,2
ES,2010,PSDB,1
ES,2010,PT,1
ES,2010,PSC,1
ES,2014,PDT,1
ES,2014,PMDB,1
ES,2014,PSDB,1
ES,2014,PSB,1
ES,2014,PT,2
ES,2014,PROS,1
ES,2014,SD,1
ES,2014,PV,1
ES,2014,PP,1
ES,2018,PRB,1
ES,2018,PSB,2
ES,2018,PPS,1
ES,2018,PT,1
ES,2018,PDT,1
ES,2018,PSL,1
ES,2018,DEM,1
ES,2018,PR,1
ES,2018,PP,1
ES,2022,PT,2
ES,2022,PL,1
ES,2022,PP,2
ES,2022,PODE,2
ES,2022,REPUBLICANOS,2
ES,2022,PSB,1
ES,2026,PL,2
ES,2026,PT,2
ES,2026,UNIÃO,2
ES,2026,PODE,1
ES,2026,PP,1
ES,2026,PSB,1
ES,2026,REPUBLICANOS,1
GO,1998,PMDB,8
GO,1998,PFL,2
GO,1998,PL,2
GO,1998,PSDB,2
GO,1998,PT,1
GO,1998,PSD,1
GO,1998,PPB,1
GO,2002,PSDB,5
GO,2002,PFL,3
GO,2002,PPB,3
GO,2002,PMDB,4
GO,2002,PT,2
GO,2006,PMDB,5
GO,2006,PFL,1
GO,2006,PL,1
GO,2006,PTB,2
GO,2006,PP,2
GO,2006,PSDB,4
GO,2006,PT,2
GO,2010,PMDB,4
GO,2010,PT,1
GO,2010,DEM,3
GO,2010,PDT,1
GO,2010,PR,1
GO,2010,PTB,1
GO,2010,PSDB,3
GO,2010,PMN,1
GO,2010,PP,2
GO,2014,PSDB,6
GO,2014,PMDB,2
GO,2014,PDT,1
GO,2014,PR,1
GO,2014,PT,1
GO,2014,PTB,1
GO,2014,PPS,1
GO,2014,PSD,2
GO,2014,PP,1
GO,2014,SD,1
GO,2018,PSL,2
GO,2018,PDT,1
GO,2018,DEM,2
GO,2018,PSD,1
GO,2018,PRB,1
GO,2018,PSC,1
GO,2018,PR,1
GO,2018,PP,2
GO,2018,PT,1
GO,2018,SOLIDARIEDADE,1
GO,2018,PSB,1
GO,2018,PSDB,1
GO,2018,PRP,1
GO,2018,PODE,1
GO,2022,UNIÃO,2
GO,2022,PL,4
GO,2022,PDT,1
GO,2022,PSC,1
GO,2022,PP,2
GO,2022,PT,2
GO,2022,MDB,2
GO,2022,REPUBLICANOS,1
GO,2022,PSD,1
GO,2022,PSDB,1
GO,2026,UNIÃO,3
GO,2026,PT,2
GO,2026,PL,4
GO,2026,MDB,2
GO,2026,PSD,2
GO,2026,PP,1
GO,2026,PRD,1
GO,2026,PODE,1
GO,2026,REPUBLICANOS,1
MA,1998,PFL,6
MA,1998,PSDB,3
MA,1998,PMDB,3
MA,1998,PL,2
MA,1998,PSD,1
MA,1998,PDT,1
MA,1998,PSC,1
MA,1998,PSB,1
MA,2002,PFL,7
MA,2002,PDT,3
MA,2002,PSDB,2
MA,2002,PMDB,2
MA,2002,PPB,1
MA,2002,PL,1
MA,2002,PT,1
MA,2002,PSB,1
MA,2006,PSDB,4
MA,2006,PMDB,3
MA,2006,PFL,2
MA,2006,PDT,2
MA,2006,PSB,2
MA,2006,PV,1
MA,2006,PCDOB,1
MA,2006,PT,1
MA,2006,PTB,1
MA,2006,PAN,1
MA,2010,PMDB,5
MA,2010,PSDB,3
MA,2010,PV,1
MA,2010,PRB,1
MA,2010,PTB,1
MA,2010,PP,1
MA,2010,PTC,1
MA,2010,DEM,1
MA,2010,PT,1
MA,2010,PR,1
MA,2010,PSB,1
MA,2010,PTDOB,1
MA,2014,PMDB,2
MA,2014,PV,2
MA,2014,PDT,2
MA,2014,PATRIOTA,2
MA,2014,PPS,1
MA,2014,PCDOB,1
MA,2014,PRB,1
MA,2014,PT,1
MA,2014,PSB,1
MA,2014,PTB,1
MA,2014,PRP,1
MA,2014,PP,1
MA,2014,PSDB,1
MA,2014,PSDC,1
MA,2018,PR,2
MA,2018,PMN,2
MA,2018,PCDOB,2
MA,2018,MDB,2
MA,2018,PTB,1
MA,2018,PSD,1
MA,2018,PODE,1
MA,2018,PP,1
MA,2018,PRB,1
MA,2018,PSB,1
MA,2018,DEM,1
MA,2018,PATRIOTA,1
MA,2018,PT,1
MA,2018,PDT,1
MA,2022,PL,4
MA,2022,UNIÃO,2
MA,2022,PP,2
MA,2022,PSC,1
MA,2022,PATRIOTA,1
MA,2022,PSB,1
MA,2022,PCDOB,1
MA,2022,MDB,1
MA,2022,PODE,1
MA,2022,PT,1
MA,2022,PSD,1
MA,2022,REPUBLICANOS,1
MA,2022,PDT,1
MA,2026,MDB,5
MA,2026,PL,4
MA,2026,UNIÃO,2
MA,2026,PP,1
MA,2026,PDT,1
MA,2026,PSDB,1
MA,2026,PRD,1
MA,2026,PT,1
MA,2026,REPUBLICANOS,1
MA,2026,PCDOB,1
MT,1998,PSDB,3
MT,1998,PMDB,2
MT,1998,PL,1
MT,1998,PTB,1
MT,1998,PFL,1
MT,2002,PSDB,3
MT,2002,PPB,1
MT,2002,PT,1
MT,2002,PL,1
MT,2002,PMDB,1
MT,2002,PFL,1
MT,2006,PP,2
MT,2006,PT,1
MT,2006,PPS,1
MT,2006,PL,1
MT,2006,PSDB,1
MT,2006,PMDB,1
MT,2006,PSB,1
MT,2010,PR,2
MT,2010,PP,2
MT,2010,PSB,1
MT,2010,PMDB,1
MT,2010,DEM,1
MT,2010,PSDB,1
MT,2014,PSB,2
MT,2014,PSDB,1
MT,2014,PT,1
MT,2014,PMDB,1
MT,2014,PP,1
MT,2014,PSC,1
MT,2014,PROS,1
MT,2018,MDB,2
MT,2018,PSL,1
MT,2018,PODE,1
MT,2018,PTB,1
MT,2018,SOLIDARIEDADE,1
MT,2018,PT,1
MT,2018,PSDB,1
MT,2022,PL,4
MT,2022,UNIÃO,2
MT,2022,MDB,2
MT,2026,PL,3
MT,2026,UNIÃO,2
MT,2026,PT,1
MT,2026,REPUBLICANOS,1
MT,2026,PODE,1
MS,1998,PT,2
MS,1998,PSDB,2
MS,1998,PMDB,1
MS,1998,PPB,1
MS,1998,PFL,1
MS,1998,PTB,1
MS,2002,PT,3
MS,2002,PMDB,2
MS,2002,PFL,1
MS,2002,PTB,1
MS,2002,PPS,1
MS,2006,PT,2
MS,2006,PMDB,2
MS,2006,PDT,1
MS,2006,PSDB,1
MS,2006,PPS,1
MS,2006,PP,1
MS,2010,PMDB,3
MS,2010,PT,2
MS,2010,PR,1
MS,2010,PSDB,1
MS,2010,DEM,1
MS,2014,PT,2
MS,2014,PMDB,2
MS,2014,PSB,1
MS,2014,DEM,1
MS,2014,PSDB,1
MS,2014,PDT,1
MS,2018,PSDB,2
MS,2018,PSL,2
MS,2018,PSD,1
MS,2018,DEM,1
MS,2018,PT,1
MS,2018,PDT,1
MS,2022,PSDB,3
MS,2022,PL,2
MS,2022,PT,2
MS,2022,PP,1
MS,2026,PL,3
MS,2026,REPUBLICANOS,2
MS,2026,PT,1
MS,2026,UNIÃO,1
MS,2026,PP,1
MG,1998,PSDB,14
MG,1998,PMDB,9
MG,1998,PFL,8
MG,1998,PPB,7
MG,1998,PT,7
MG,1998,PL,3
MG,1998,PTB,2
MG,1998,PCDOB,1
MG,1998,PDT,1
MG,1998,PST,1
MG,2002,PT,11
MG,2002,PSDB,8
MG,2002,PFL,7
MG,2002,PMDB,6
MG,2002,PL,4
MG,2002,PPB,4
MG,2002,PPS,3
MG,2002,PDT,2
MG,2002,PST,2
MG,2002,PTB,2
MG,2002,PCDOB,1
MG,2002,PSB,1
MG,2002,PSL,1
MG,2002,PV,1
MG,2006,PT,9
MG,2006,PMDB,7
MG,2006,PSDB,7
MG,2006,PFL,6
MG,2006,PL,6
MG,2006,PPS,4
MG,2006,PV,4
MG,2006,PP,3
MG,2006,PDT,2
MG,2006,PCDOB,1
MG,2006,PHS,1
MG,2006,PSB,1
MG,2006,PSC,1
MG,2006,PTC,1
MG,2010,PSDB,8
MG,2010,PT,8
MG,2010,PMDB,7
MG,2010,PR,7
MG,2010,PP,5
MG,2010,DEM,3
MG,2010,PDT,2
MG,2010,PPS,2
MG,2010,PV,2
MG,2010,PCDOB,1
MG,2010,PHS,1
MG,2010,PMN,1
MG,2010,PRB,1
MG,2010,PSB,1
MG,2010,PSC,1
MG,2010,PSL,1
MG,2010,PTB,1
MG,2010,PTDOB,1
MG,2014,PT,10
MG,2014,PSDB,7
MG,2014,PMDB,6
MG,2014,PP,5
MG,2014,PR,3
MG,2014,PSB,3
MG,2014,PSD,3
MG,2014,DEM,2
MG,2014,PDT,2
MG,2014,PCDOB,1
MG,2014,PHS,1
MG,2014,PMN,1
MG,2014,PRB,1
MG,2014,PRP,1
MG,2014,PSC,1
MG,2014,PTB,1
MG,2014,PTC,1
MG,2014,PTDOB,1
MG,2014,PTN,1
MG,2014,PV,1
MG,2014,SD,1
MG,2018,PT,8
MG,2018,PSL,6
MG,2018,PSDB,5
MG,2018,MDB,4
MG,2018,AVANTE,3
MG,2018,PSB,3
MG,2018,PSD,3
MG,2018,NOVO,2
MG,2018,PATRIOTA,2
MG,2018,PDT,2
MG,2018,PHS,2
MG,2018,PP,2
MG,2018,PRB,2
MG,2018,PROS,2
MG,2018,DEM,1
MG,2018,PMN,1
MG,2018,PODE,1
MG,2018,PR,1
MG,2018,PSC,1
MG,2018,PSOL,1
MG,2018,SOLIDARIEDADE,1
MG,2022,PL,11
MG,2022,PT,10
MG,2022,AVANTE,5
MG,2022,PSD,4
MG,2022,PATRIOTA,3
MG,2022,PP,3
MG,2022,UNIÃO,3
MG,2022,MDB,2
MG,2022,PDT,2
MG,2022,PODE,2
MG,2022,PSDB,2
MG,2022,REPUBLICANOS,2
MG,2022,PROS,1
MG,2022,PSC,1
MG,2022,PSOL,1
MG,2022,SOLIDARIEDADE,1
MG,2026,PL,21
MG,2026,PT,12
MG,2026,UNIÃO,4
MG,2026,REPUBLICANOS,3
MG,2026,PP,2
MG,2026,PSD,2
MG,2026,AVANTE,1
MG,2026,MDB,1
MG,2026,PODE,1
MG,2026,PRD,1
MG,2026,PSB,1
MG,2026,PSDB,1
MG,2026,PSOL,1
MG,2026,PV,1
MG,2026,REDE,1
PA,1998,PMDB,4
PA,1998,PSDB,4
PA,1998,PFL,3
PA,1998,PT,3
PA,1998,PDT,1
PA,1998,PPB,1
PA,1998,PTB,1
PA,2002,PMDB,5
PA,2002,PSDB,4
PA,2002,PT,3
PA,2002,PDT,1
PA,2002,PFL,1
PA,2002,PL,1
PA,2002,PPB,1
PA,2002,PTB,1
PA,2006,PMDB,6
PA,2006,PSDB,3
PA,2006,PT,3
PA,2006,PFL,2
PA,2006,PDT,1
PA,2006,PP,1
PA,2006,PSC,1
PA,2010,PMDB,4
PA,2010,PT,4
PA,2010,PSDB,3
PA,2010,DEM,1
PA,2010,PDT,1
PA,2010,PPS,1
PA,2010,PR,1
PA,2010,PSC,1
PA,2010,PTB,1
PA,2014,PMDB,3
PA,2014,PSD,3
PA,2014,PT,2
PA,2014,DEM,1
PA,2014,PPS,1
PA,2014,PR,1
PA,2014,PROS,1
PA,2014,PSC,1
PA,2014,PSDB,1
PA,2014,PSOL,1
PA,2014,PTB,1
PA,2014,SD,1
PA,2018,PSD,3
PA,2018,DEM,2
PA,2018,MDB,2
PA,2018,PSDB,2
PA,2018,PT,2
PA,2018,PTB,2
PA,2018,PR,1
PA,2018,PRB,1
PA,2018,PSB,1
PA,2018,PSOL,1
PA,2022,MDB,9
PA,2022,PL,3
PA,2022,PSD,2
PA,2022,PT,2
PA,2022,UNIÃO,1
PA,2026,MDB,6
PA,2026,PL,3
PA,2026,PODE,2
PA,2026,PSD,2
PA,2026,PT,2
PA,2026,PP,1
PA,2026,PSB,1
PB,1998,PMDB,5
PB,1998,PFL,3
PB,1998,PPB,1
PB,1998,PSDB,1
PB,1998,PT,1
PB,1998,PTB,1
PB,2002,PSDB,3
PB,2002,PMDB,2
PB,2002,PTB,2
PB,2002,PFL,1
PB,2002,PL,1
PB,2002,PPB,1
PB,2002,PSD,1
PB,2002,PT,1
PB,2006,PMDB,3
PB,2006,PSDB,3
PB,2006,PL,2
PB,2006,PSB,2
PB,2006,PFL,1
PB,2006,PT,1
PB,2010,PMDB,5
PB,2010,PSDB,2
PB,2010,DEM,1
PB,2010,PDT,1
PB,2010,PP,1
PB,2010,PR,1
PB,2010,PT,1
PB,2014,PMDB,3
PB,2014,DEM,1
PB,2014,PDT,1
PB,2014,PP,1
PB,2014,PR,1
PB,2014,PSD,1
PB,2014,PSDB,1
PB,2014,PT,1
PB,2014,PTB,1
PB,2014,SD,1
PB,2018,PSDB,3
PB,2018,DEM,1
PB,2018,PDT,1
PB,2018,PP,1
PB,2018,PR,1
PB,2018,PRB,1
PB,2018,PSB,1
PB,2018,PSL,1
PB,2018,PT,1
PB,2018,PTB,1
PB,2022,REPUBLICANOS,3
PB,2022,PL,2
PB,2022,PP,2
PB,2022,PSC,2
PB,2022,PSB,1
PB,2022,PT,1
PB,2022,UNIÃO,1
PB,2026,REPUBLICANOS,3
PB,2026,PL,2
PB,2026,PP,2
PB,2026,PCDOB,1
PB,2026,PODE,1
PB,2026,PSD,1
PB,2026,PT,1
PB,2026,UNIÃO,1
PR,1998,PFL,6
PR,1998,PPB,5
PR,1998,PSDB,5
PR,1998,PTB,6
PR,1998,PMDB,4
PR,1998,PT,3
PR,1998,PDT,1
PR,2002,PSDB,5
PR,2002,PMDB,6
PR,2002,PT,6
PR,2002,PFL,2
PR,2002,PPB,4
PR,2002,PTB,3
PR,2002,PDT,1
PR,2002,PL,1
PR,2002,PPS,2
PR,2006,PSDB,4
PR,2006,PPS,2
PR,2006,PMDB,8
PR,2006,PDT,1
PR,2006,PP,3
PR,2006,PFL,5
PR,2006,PTB,1
PR,2006,PT,4
PR,2006,PL,2
PR,2010,PSC,4
PR,2010,PMDB,6
PR,2010,PT,5
PR,2010,PTB,1
PR,2010,PP,3
PR,2010,PSDB,3
PR,2010,PPS,3
PR,2010,PR,1
PR,2010,DEM,2
PR,2010,PV,1
PR,2010,PSB,1
PR,2014,PTN,1
PR,2014,PTB,1
PR,2014,PSDB,3
PR,2014,PMDB,4
PR,2014,PSC,2
PR,2014,SD,1
PR,2014,PSB,2
PR,2014,PT,4
PR,2014,PP,4
PR,2014,PR,2
PR,2014,PPS,2
PR,2014,PSD,1
PR,2014,PCDOB,1
PR,2014,PV,1
PR,2014,PHS,1
PR,2018,PSD,4
PR,2018,PSL,3
PR,2018,PT,3
PR,2018,PRB,2
PR,2018,PV,1
PR,2018,PSC,1
PR,2018,PDT,1
PR,2018,PR,3
PR,2018,MDB,2
PR,2018,PODE,1
PR,2018,PSB,2
PR,2018,DEM,1
PR,2018,PTB,1
PR,2018,PROS,2
PR,2018,PP,2
PR,2018,PPS,1
PR,2022,PODE,1
PR,2022,PT,5
PR,2022,PL,3
PR,2022,PSD,7
PR,2022,UNIÃO,4
PR,2022,PP,4
PR,2022,MDB,1
PR,2022,PSB,1
PR,2022,PV,1
PR,2022,PROS,1
PR,2022,REPUBLICANOS,1
PR,2022,PSDB,1
PR,2026,NOVO,4
PR,2026,PL,5
PR,2026,PT,5
PR,2026,PSD,4
PR,2026,PV,1
PR,2026,UNIÃO,2
PR,2026,REPUBLICANOS,2
PR,2026,PODE,2
PR,2026,PP,4
PR,2026,MDB,1
PE,1998,PSB,8
PE,1998,PFL,8
PE,1998,PMDB,3
PE,1998,PSL,1
PE,1998,PPB,2
PE,1998,PT,1
PE,1998,PSDB,1
PE,1998,PTB,1
PE,2002,PMDB,4
PE,2002,PSDB,3
PE,2002,PFL,5
PE,2002,PSB,4
PE,2002,PT,3
PE,2002,PPB,3
PE,2002,PL,1
PE,2002,PCDOB,1
PE,2002,PPS,1
PE,2006,PTB,3
PE,2006,PL,1
PE,2006,PSB,3
PE,2006,PMDB,3
PE,2006,PT,5
PE,2006,PSDB,2
PE,2006,PP,1
PE,2006,PFL,3
PE,2006,PCDOB,1
PE,2006,PPS,1
PE,2006,PSC,1
PE,2006,PDT,1
PE,2010,PSB,5
PE,2010,PP,2
PE,2010,PT,4
PE,2010,PR,2
PE,2010,PSDB,2
PE,2010,DEM,2
PE,2010,PDT,1
PE,2010,PCDOB,1
PE,2010,PMDB,1
PE,2010,PTB,4
PE,2010,PSC,1
PE,2014,PP,1
PE,2014,PSB,8
PE,2014,PMDB,1
PE,2014,PR,2
PE,2014,PSDB,3
PE,2014,PSC,1
PE,2014,PSD,1
PE,2014,PTB,4
PE,2014,DEM,1
PE,2014,PDT,1
PE,2014,PCDOB,1
PE,2014,PHS,1
PE,2018,PSB,5
PE,2018,PT,2
PE,2018,PSC,1
PE,2018,PR,1
PE,2018,PATRIOTA,1
PE,2018,PSD,1
PE,2018,PSL,1
PE,2018,PP,2
PE,2018,PRB,2
PE,2018,PPS,1
PE,2018,DEM,1
PE,2018,MDB,1
PE,2018,PDT,2
PE,2018,SOLIDARIEDADE,1
PE,2018,PODE,1
PE,2018,PCDOB,1
PE,2018,PHS,1
PE,2022,PL,4
PE,2022,PP,4
PE,2022,PSB,5
PE,2022,REPUBLICANOS,2
PE,2022,UNIÃO,3
PE,2022,AVANTE,1
PE,2022,REDE,1
PE,2022,PT,1
PE,2022,PV,1
PE,2022,SOLIDARIEDADE,1
PE,2022,MDB,1
PE,2022,PCDOB,1
PE,2026,PSB,4
PE,2026,PSOL,1
PE,2026,PL,2
PE,2026,PODE,3
PE,2026,UNIÃO,2
PE,2026,REPUBLICANOS,2
PE,2026,PP,2
PE,2026,PT,3
PE,2026,PSD,2
PE,2026,NOVO,1
PE,2026,MDB,1
PE,2026,AVANTE,1
PE,2026,PV,1
PI,1998,PMDB,3
PI,1998,PFL,5
PI,1998,PT,1
PI,1998,PSDB,1
PI,2002,PT,1
PI,2002,PFL,4
PI,2002,PMDB,2
PI,2002,PSDB,2
PI,2002,PCDOB,1
PI,2006,PMDB,2
PI,2006,PT,2
PI,2006,PP,1
PI,2006,PSDB,1
PI,2006,PCDOB,1
PI,2006,PFL,2
PI,2006,PTB,1
PI,2010,PMDB,2
PI,2010,PSB,1
PI,2010,DEM,2
PI,2010,PT,2
PI,2010,PCDOB,1
PI,2010,PP,1
PI,2010,PTB,1
PI,2014,PT,2
PI,2014,PSB,3
PI,2014,PP,1
PI,2014,PMDB,1
PI,2014,PSD,1
PI,2014,PTB,2
PI,2018,PT,2
PI,2018,PR,1
PI,2018,PDT,1
PI,2018,PSD,1
PI,2018,PP,2
PI,2018,MDB,1
PI,2018,PTC,1
PI,2018,PSB,1
PI,2022,PSD,3
PI,2022,PT,4
PI,2022,PP,2
PI,2022,PV,1
PI,2026,PSD,2
PI,2026,PV,1
PI,2026,MDB,2
PI,2026,PT,3
PI,2026,REPUBLICANOS,1
PI,2026,PP,1
RJ,1998,PSDB,11
RJ,1998,PFL,9
RJ,1998,PDT,7
RJ,1998,PPB,6
RJ,1998,PT,4
RJ,1998,PSB,2
RJ,1998,PMDB,2
RJ,1998,PTB,2
RJ,1998,PCDOB,1
RJ,1998,PV,1
RJ,1998,PSC,1
RJ,2002,PT,7
RJ,2002,PPB,6
RJ,2002,PMDB,6
RJ,2002,PSB,6
RJ,2002,PSDB,5
RJ,2002,PFL,4
RJ,2002,PL,3
RJ,2002,PDT,3
RJ,2002,PCDOB,1
RJ,2002,PSDC,1
RJ,2002,PTB,1
RJ,2002,PV,1
RJ,2002,PSC,1
RJ,2002,PSD,1
RJ,2006,PMDB,10
RJ,2006,PT,6
RJ,2006,PFL,5
RJ,2006,PSDB,3
RJ,2006,PSC,3
RJ,2006,PDT,3
RJ,2006,PPS,3
RJ,2006,PTB,2
RJ,2006,PP,2
RJ,2006,PV,1
RJ,2006,PSOL,1
RJ,2006,PSB,1
RJ,2006,PRB,1
RJ,2006,PCDOB,1
RJ,2006,PTDOB,1
RJ,2006,PL,1
RJ,2006,PHS,1
RJ,2006,PRONA,1
RJ,2010,PR,8
RJ,2010,PMDB,8
RJ,2010,PT,5
RJ,2010,PSB,3
RJ,2010,PP,3
RJ,2010,PDT,3
RJ,2010,PSOL,2
RJ,2010,PSDB,2
RJ,2010,PSC,2
RJ,2010,PV,2
RJ,2010,DEM,2
RJ,2010,PRB,1
RJ,2010,PCDOB,1
RJ,2010,PPS,1
RJ,2010,PTB,1
RJ,2010,PHS,1
RJ,2010,PRTB,1
RJ,2014,PMDB,8
RJ,2014,PSD,6
RJ,2014,PR,6
RJ,2014,PT,5
RJ,2014,PP,3
RJ,2014,PSOL,3
RJ,2014,PRB,2
RJ,2014,PROS,2
RJ,2014,PTB,2
RJ,2014,SD,2
RJ,2014,PSDB,1
RJ,2014,PSB,1
RJ,2014,PCDOB,1
RJ,2014,DEM,1
RJ,2014,PDT,1
RJ,2014,PSDC,1
RJ,2014,PRP,1
RJ,2018,PSL,12
RJ,2018,PSOL,4
RJ,2018,DEM,4
RJ,2018,MDB,3
RJ,2018,PSD,3
RJ,2018,PRB,2
RJ,2018,PR,2
RJ,2018,PP,2
RJ,2018,PDT,2
RJ,2018,PSB,1
RJ,2018,PSC,1
RJ,2018,PCDOB,1
RJ,2018,SOLIDARIEDADE,1
RJ,2018,NOVO,1
RJ,2018,PPS,1
RJ,2018,DC,1
RJ,2018,PT,1
RJ,2018,PRP,1
RJ,2018,PROS,1
RJ,2018,PHS,1
RJ,2018,AVANTE,1
RJ,2022,PL,11
RJ,2022,UNIÃO,6
RJ,2022,PSOL,5
RJ,2022,PT,5
RJ,2022,PSD,4
RJ,2022,PP,3
RJ,2022,REPUBLICANOS,3
RJ,2022,MDB,2
RJ,2022,SOLIDARIEDADE,1
RJ,2022,PROS,1
RJ,2022,PCDOB,1
RJ,2022,PSB,1
RJ,2022,PDT,1
RJ,2022,PTB,1
RJ,2022,PODE,1
RJ,2026,PL,15
RJ,2026,PT,6
RJ,2026,PP,5
RJ,2026,PSDB,4
RJ,2026,PSD,4
RJ,2026,PSOL,4
RJ,2026,PCDOB,2
RJ,2026,UNIÃO,1
RJ,2026,MDB,1
RJ,2026,REPUBLICANOS,1
RJ,2026,SOLIDARIEDADE,1
RJ,2026,PDT,1
RJ,2026,NOVO,1
RN,1998,PMDB,4
RN,1998,PFL,3
RN,1998,PPB,1
RN,2002,PMDB,3
RN,2002,PFL,2
RN,2002,PT,1
RN,2002,PTB,1
RN,2002,PPB,1
RN,2006,PSB,2
RN,2006,PMN,1
RN,2006,PL,1
RN,2006,PMDB,1
RN,2006,PFL,1
RN,2006,PT,1
RN,2006,PP,1
RN,2010,DEM,2
RN,2010,PT,1
RN,2010,PR,1
RN,2010,PMDB,1
RN,2010,PMN,1
RN,2010,PSB,1
RN,2010,PV,1
RN,2014,PMDB,1
RN,2014,PROS,1
RN,2014,PSD,1
RN,2014,PR,1
RN,2014,DEM,1
RN,2014,PSDB,1
RN,2014,PMN,1
RN,2014,PP,1
RN,2018,PTC,1
RN,2018,PT,1
RN,2018,PR,1
RN,2018,PSB,1
RN,2018,PSL,1
RN,2018,MDB,1
RN,2018,PP,1
RN,2018,PSD,1
RN,2022,PL,4
RN,2022,PT,2
RN,2022,UNIÃO,2
RN,2026,PL,3
RN,2026,PV,2
RN,2026,PT,1
RN,2026,UNIÃO,1
RN,2026,PP,1
RS,1998,PT,8
RS,1998,PMDB,7
RS,1998,PPB,5
RS,1998,PDT,4
RS,1998,PTB,3
RS,1998,PSDB,2
RS,1998,PSB,1
RS,1998,PFL,1
RS,2002,PT,8
RS,2002,PMDB,6
RS,2002,PPB,6
RS,2002,PDT,3
RS,2002,PTB,3
RS,2002,PSDB,1
RS,2002,PSB,1
RS,2002,PL,1
RS,2002,PPS,1
RS,2002,PFL,1
RS,2006,PT,7
RS,2006,PP,5
RS,2006,PMDB,5
RS,2006,PDT,3
RS,2006,PTB,3
RS,2006,PSDB,2
RS,2006,PFL,2
RS,2006,PCDOB,1
RS,2006,PSOL,1
RS,2006,PSB,1
RS,2006,PPS,1
RS,2010,PT,8
RS,2010,PP,6
RS,2010,PMDB,4
RS,2010,PTB,3
RS,2010,PDT,3
RS,2010,PSB,3
RS,2010,PCDOB,2
RS,2010,PSDB,1
RS,2010,DEM,1
RS,2014,PT,7
RS,2014,PP,6
RS,2014,PMDB,5
RS,2014,PDT,3
RS,2014,PTB,3
RS,2014,PSB,2
RS,2014,PSD,1
RS,2014,DEM,1
RS,2014,PSDB,1
RS,2014,PCDOB,1
RS,2014,PRB,1
RS,2018,PT,5
RS,2018,PP,4
RS,2018,MDB,4
RS,2018,PDT,3
RS,2018,PSL,3
RS,2018,PSDB,2
RS,2018,PSB,2
RS,2018,PTB,2
RS,2018,NOVO,1
RS,2018,DEM,1
RS,2018,PR,1
RS,2018,PSOL,1
RS,2018,PRB,1
RS,2018,PSD,1
RS,2022,PT,6
RS,2022,PL,4
RS,2022,PP,3
RS,2022,MDB,3
RS,2022,REPUBLICANOS,3
RS,2022,PSDB,2
RS,2022,PDT,2
RS,2022,NOVO,1
RS,2022,PSOL,1
RS,2022,PODE,1
RS,2022,CIDADANIA,1
RS,2022,PSD,1
RS,2022,PCDOB,1
RS,2022,PSB,1
RS,2022,UNIÃO,1
RS,2026,PL,8
RS,2026,PT,5
RS,2026,PP,4
RS,2026,MDB,3
RS,2026,PSD,2
RS,2026,PODE,2
RS,2026,REPUBLICANOS,2
RS,2026,PSOL,1
RS,2026,PCDOB,1
RS,2026,NOVO,1
RS,2026,PDT,1
RS,2026,UNIÃO,1
RO,1998,PDT,2
RO,1998,PSDB,2
RO,1998,PFL,2
RO,1998,PMDB,1
RO,1998,PTB,1
RO,2002,PMDB,2
RO,2002,PT,2
RO,2002,PTB,1
RO,2002,PPS,1
RO,2002,PSDB,1
RO,2002,PFL,1
RO,2006,PMDB,2
RO,2006,PT,2
RO,2006,PSB,1
RO,2006,PV,1
RO,2006,PPS,1
RO,2006,PTB,1
RO,2010,PMDB,2
RO,2010,PSB,1
RO,2010,PTB,1
RO,2010,PP,1
RO,2010,PPS,1
RO,2010,PT,1
RO,2010,PDT,1
RO,2014,PMDB,3
RO,2014,PDT,1
RO,2014,PSDB,1
RO,2014,PTB,1
RO,2014,PR,1
RO,2014,SD,1
RO,2018,PODE,1
RO,2018,PSD,1
RO,2018,PSDB,1
RO,2018,MDB,1
RO,2018,PP,1
RO,2018,PDT,1
RO,2018,PSB,1
RO,2018,PSL,1
RO,2022,UNIÃO,3
RO,2022,PL,2
RO,2022,MDB,2
RO,2022,PODE,1
RO,2026,PL,3
RO,2026,UNIÃO,2
RO,2026,PODE,2
RO,2026,PSD,1
RR,1998,PPB,4
RR,1998,PSDB,2
RR,1998,PMDB,1
RR,1998,PTB,1
RR,2002,PFL,3
RR,2002,PDT,2
RR,2002,PST,1
RR,2002,PL,1
RR,2002,PPB,1
RR,2006,PFL,2
RR,2006,PP,1
RR,2006,PL,1
RR,2006,PSDB,1
RR,2006,PTC,1
RR,2006,PSB,1
RR,2006,PMDB,1
RR,2010,PMDB,2
RR,2010,DEM,1
RR,2010,PRB,1
RR,2010,PR,1
RR,2010,PSDB,1
RR,2010,PP,1
RR,2010,PRP,1
RR,2014,PSDB,1
RR,2014,PRB,1
RR,2014,PR,1
RR,2014,PMDB,1
RR,2014,PMN,1
RR,2014,PDT,1
RR,2014,PSB,1
RR,2014,PHS,1
RR,2018,PSD,1
RR,2018,PRB,1
RR,2018,PP,1
RR,2018,PSL,1
RR,2018,PSDB,1
RR,2018,PR,1
RR,2018,SOLIDARIEDADE,1
RR,2018,REDE,1
RR,2022,REPUBLICANOS,3
RR,2022,MDB,2
RR,2022,UNIÃO,2
RR,2022,PSD,1
RR,2026,REPUBLICANOS,3
RR,2026,PODE,2
RR,2026,UNIÃO,2
RR,2026,PL,1
SC,1998,PPB,4
SC,1998,PMDB,4
SC,1998,PFL,3
SC,1998,PT,2
SC,1998,PDT,2
SC,1998,PSDB,1
SC,2002,PT,5
SC,2002,PPB,4
SC,2002,PMDB,4
SC,2002,PFL,2
SC,2002,PDT,1
SC,2006,PMDB,5
SC,2006,PT,3
SC,2006,PP,3
SC,2006,PFL,3
SC,2006,PSDB,1
SC,2006,PPS,1
SC,2010,PMDB,5
SC,2010,PT,4
SC,2010,DEM,3
SC,2010,PP,2
SC,2010,PSDB,2
SC,2014,PMDB,5
SC,2014,PSD,3
SC,2014,PP,2
SC,2014,PT,2
SC,2014,PSDB,2
SC,2014,PR,1
SC,2014,PPS,1
SC,2018,PSL,4
SC,2018,MDB,3
SC,2018,PSD,2
SC,2018,PRB,1
SC,2018,PT,1
SC,2018,PSDB,1
SC,2018,PP,1
SC,2018,PPS,1
SC,2018,PSB,1
SC,2018,NOVO,1
SC,2022,PL,6
SC,2022,MDB,3
SC,2022,PT,2
SC,2022,PSD,2
SC,2022,CIDADANIA,1
SC,2022,NOVO,1
SC,2022,UNIÃO,1
SC,2026,PL,7
SC,2026,PT,2
SC,2026,MDB,1
SC,2026,NOVO,1
SC,2026,PCDOB,1
SC,2026,PSD,1
SC,2026,PP,1
SC,2026,PODE,1
SC,2026,REPUBLICANOS,1
SE,1998,PMDB,2
SE,1998,PMN,1
SE,1998,PPB,1
SE,1998,PPS,1
SE,1998,PSB,1
SE,1998,PSDB,1
SE,1998,PT,1
SE,2002,PFL,2
SE,2002,PL,1
SE,2002,PMDB,1
SE,2002,PMN,1
SE,2002,PPB,1
SE,2002,PSDB,1
SE,2002,PT,1
SE,2006,PFL,3
SE,2006,PSB,1
SE,2006,PSC,1
SE,2006,PSDB,1
SE,2006,PT,1
SE,2006,PTB,1
SE,2010,PT,2
SE,2010,DEM,1
SE,2010,PMDB,1
SE,2010,PR,1
SE,2010,PRB,1
SE,2010,PSB,1
SE,2010,PSC,1
SE,2014,PMDB,1
SE,2014,PRB,1
SE,2014,PSB,1
SE,2014,PSC,1
SE,2014,PSD,1
SE,2014,PT,1
SE,2014,PTB,1
SE,2014,SD,1
SE,2018,PT,2
SE,2018,MDB,1
SE,2018,PDT,1
SE,2018,PP,1
SE,2018,PR,1
SE,2018,PSD,1
SE,2018,SOLIDARIEDADE,1
SE,2022,PSD,2
SE,2022,UNIÃO,2
SE,2022,PL,1
SE,2022,PP,1
SE,2022,PT,1
SE,2022,REPUBLICANOS,1
SE,2026,PSD,2
SE,2026,UNIÃO,2
SE,2026,PP,1
SE,2026,PSB,1
SE,2026,PT,1
SE,2026,REPUBLICANOS,1
SP,1998,PSDB,15
SP,1998,PT,14
SP,1998,PPB,12
SP,1998,PFL,8
SP,1998,PMDB,5
SP,1998,PTB,5
SP,1998,PDT,4
SP,1998,PL,2
SP,1998,PSB,2
SP,1998,PCDOB,1
SP,1998,PPS,1
SP,1998,PRONA,1
SP,2002,PT,18
SP,2002,PSDB,11
SP,2002,PFL,7
SP,2002,PRONA,6
SP,2002,PSB,5
SP,2002,PTB,5
SP,2002,PMDB,4
SP,2002,PL,3
SP,2002,PPB,3
SP,2002,PPS,3
SP,2002,PCDOB,2
SP,2002,PV,2
SP,2002,PDT,1
SP,2006,PSDB,18
SP,2006,PT,14
SP,2006,PFL,5
SP,2006,PP,5
SP,2006,PV,5
SP,2006,PSB,4
SP,2006,PTB,4
SP,2006,PDT,3
SP,2006,PMDB,3
SP,2006,PL,2
SP,2006,PPS,2
SP,2006,PCDOB,1
SP,2006,PRONA,1
SP,2006,PSC,1
SP,2006,PSOL,1
SP,2006,PTC,1
SP,2010,PT,15
SP,2010,PSDB,13
SP,2010,PSB,7
SP,2010,DEM,6
SP,2010,PV,5
SP,2010,PP,4
SP,2010,PR,4
SP,2010,PDT,3
SP,2010,PPS,3
SP,2010,PCDOB,2
SP,2010,PRB,2
SP,2010,PSC,2
SP,2010,PTB,2
SP,2010,PMDB,1
SP,2010,PSOL,1
SP,2014,PSDB,14
SP,2014,PT,10
SP,2014,PRB,8
SP,2014,PR,6
SP,2014,DEM,4
SP,2014,PSB,4
SP,2014,PSD,4
SP,2014,PP,3
SP,2014,PSC,3
SP,2014,PV,3
SP,2014,PMDB,2
SP,2014,PPS,2
SP,2014,PTB,2
SP,2014,PCDOB,1
SP,2014,PDT,1
SP,2014,PSOL,1
SP,2014,PTN,1
SP,2014,SD,1
SP,2018,PSL,10
SP,2018,PT,8
SP,2018,PR,7
SP,2018,PRB,6
SP,2018,PSDB,6
SP,2018,DEM,5
SP,2018,PP,4
SP,2018,PSB,4
SP,2018,NOVO,3
SP,2018,PODE,3
SP,2018,PSOL,3
SP,2018,MDB,2
SP,2018,PPS,2
SP,2018,PSD,2
SP,2018,PCDOB,1
SP,2018,PDT,1
SP,2018,PSC,1
SP,2018,PV,1
SP,2018,SOLIDARIEDADE,1
SP,2022,PL,17
SP,2022,PT,11
SP,2022,UNIÃO,6
SP,2022,MDB,5
SP,2022,PSOL,5
SP,2022,REPUBLICANOS,5
SP,2022,PP,4
SP,2022,PODE,3
SP,2022,PSD,3
SP,2022,PSDB,3
SP,2022,CIDADANIA,2
SP,2022,PSB,2
SP,2022,NOVO,1
SP,2022,PSC,1
SP,2022,REDE,1
SP,2022,SOLIDARIEDADE,1
SP,2026,PL,19
SP,2026,PT,11
SP,2026,PODE,6
SP,2026,PSD,6
SP,2026,PSOL,6
SP,2026,REPUBLICANOS,6
SP,2026,MDB,4
SP,2026,PP,3
SP,2026,NOVO,2
SP,2026,PSB,2
SP,2026,UNIÃO,2
SP,2026,MISSÃO,1
SP,2026,PRD,1
SP,2026,PSDB,1
TO,1998,PFL,3
TO,1998,PMDB,2
TO,1998,PPB,2
TO,1998,PSDB,1
TO,2002,PFL,3
TO,2002,PSDB,2
TO,2002,PMDB,1
TO,2002,PPB,1
TO,2002,PSD,1
TO,2006,PFL,3
TO,2006,PMDB,2
TO,2006,PSDB,2
TO,2006,PP,1
TO,2010,DEM,2
TO,2010,PDT,1
TO,2010,PMDB,1
TO,2010,PP,1
TO,2010,PPS,1
TO,2010,PSB,1
TO,2010,PSDB,1
TO,2014,PMDB,3
TO,2014,DEM,1
TO,2014,PP,1
TO,2014,PRB,1
TO,2014,PSB,1
TO,2014,PSD,1
TO,2018,DEM,2
TO,2018,SOLIDARIEDADE,2
TO,2018,MDB,1
TO,2018,PR,1
TO,2018,PSC,1
TO,2018,PT,1
TO,2022,REPUBLICANOS,3
TO,2022,PL,2
TO,2022,PODE,1
TO,2022,PP,1
TO,2022,UNIÃO,1
TO,2026,REPUBLICANOS,3
TO,2026,PL,1
TO,2026,PODE,1
TO,2026,PP,1
TO,2026,PSDB,1
TO,2026,UNIÃO,1
