uf,flavio_pct_1st_round,lula_pct_1st_round,population_millions,evangelical_pct,hdi,gdp_per_capita_brl_thousands,unemployment_pct,informal_pct,years_schooling,homicides_per_100k,prisoners_per_100k,internet_households_pct,vehicles_per_100,female_headed_households_pct,sewage_network_pct
AC,64.56,28.73,0.83,40,0.710,21,6.8,52,8.6,26,680,87,45,48,25
AL,40.45,54.73,3.13,21,0.683,20,8.4,51,7.7,30,220,87,35,52,30
AP,45.67,45.71,0.73,36,0.688,24,10.5,52,9.9,44,350,89,25,52,12
AM,45.03,48.20,3.94,34,0.700,31,8.6,55,9.5,36,280,90,25,52,35
BA,28.53,66.17,14.14,23,0.691,21,10.9,54,8.3,42,110,88,32,53,50
CE,31.27,63.29,8.79,20,0.734,20,7.9,52,8.5,31,340,90,40,52,48
DF,51.31,38.11,2.82,30,0.814,94,9.1,29,11.5,12,490,97,70,52,93
ES,54.78,37.76,3.83,35,0.771,43,5.0,38,9.7,25,480,94,60,47,60
GO,53.60,31.06,7.06,32,0.769,40,5.0,37,9.6,22,300,93,70,45,65
MA,30.90,63.98,6.78,24,0.676,17,7.5,58,7.8,24,170,85,30,50,20
MT,65.15,29.18,3.66,31,0.736,68,2.9,38,9.5,24,400,93,70,42,40
MS,58.60,34.68,2.76,29,0.742,54,3.9,35,9.6,16,540,93,72,45,60
MG,48.24,43.33,20.54,25,0.774,38,5.5,38,9.2,11,300,92,65,47,75
PA,44.50,49.91,8.12,33,0.690,29,7.3,60,8.2,30,240,87,32,50,15
PB,33.07,61.31,3.97,20,0.698,20,8.5,52,8.4,25,280,89,40,51,45
PR,59.91,31.20,11.44,26,0.769,50,4.6,29,10.0,18,330,94,80,44,78
PE,31.03,63.45,9.06,25,0.719,24,11.1,49,8.8,34,300,90,40,54,35
PI,24.09,70.99,3.27,15,0.690,18,7.3,56,7.8,20,170,88,45,50,20
RJ,53.01,39.41,16.05,33,0.762,56,9.4,38,10.4,20,290,94,45,53,68
RN,34.77,59.75,3.30,20,0.731,23,9.9,50,8.9,33,230,90,45,51,30
RS,55.64,35.73,10.88,22,0.771,52,4.9,29,9.8,18,320,93,70,47,40
RO,67.45,25.89,1.58,39,0.700,32,3.6,46,9.2,23,520,90,70,42,15
RR,71.06,22.86,0.64,38,0.699,28,7.0,50,9.9,29,440,91,50,46,55
SC,66.65,25.04,7.61,25,0.792,54,3.0,25,10.3,9,340,96,93,40,35
SP,51.93,38.20,44.41,28,0.806,60,6.9,30,10.7,7,440,95,75,48,92
SE,30.63,62.75,2.21,19,0.702,24,9.3,50,8.7,31,240,91,45,52,35
TO,50.44,43.42,1.51,31,0.731,33,5.2,48,9.3,21,300,91,55,46,40
