uf,indicator,value,year,source_url
AC,catholic_pct,38.93,2022,https://ijsn.es.gov.br/Media/IJSN/PublicacoesAnexos/S%C3%ADnteses/IJSN%20no%20Censo%20-%20Religi%C3%A3o.pdf
AL,catholic_pct,64.16,2022,https://ijsn.es.gov.br/Media/IJSN/PublicacoesAnexos/S%C3%ADnteses/IJSN%20no%20Censo%20-%20Religi%C3%A3o.pdf
AM,catholic_pct,47.39,2022,https://ijsn.es.gov.br/Media/IJSN/PublicacoesAnexos/S%C3%ADnteses/IJSN%20no%20Censo%20-%20Religi%C3%A3o.pdf
AP,catholic_pct,51.04,2022,https://ijsn.es.gov.br/Media/IJSN/PublicacoesAnexos/S%C3%ADnteses/IJSN%20no%20Censo%20-%20Religi%C3%A3o.pdf
BA,catholic_pct,56.98,2022,https://ijsn.es.gov.br/Media/IJSN/PublicacoesAnexos/S%C3%ADnteses/IJSN%20no%20Censo%20-%20Religi%C3%A3o.pdf
BR,catholic_pct,56.75,2022,https://ijsn.es.gov.br/Media/IJSN/PublicacoesAnexos/S%C3%ADnteses/IJSN%20no%20Censo%20-%20Religi%C3%A3o.pdf
CE,catholic_pct,70.4,2022,https://ijsn.es.gov.br/Media/IJSN/PublicacoesAnexos/S%C3%ADnteses/IJSN%20no%20Censo%20-%20Religi%C3%A3o.pdf
DF,catholic_pct,49.74,2022,https://ijsn.es.gov.br/Media/IJSN/PublicacoesAnexos/S%C3%ADnteses/IJSN%20no%20Censo%20-%20Religi%C3%A3o.pdf
ES,catholic_pct,47.82,2022,https://ijsn.es.gov.br/Media/IJSN/PublicacoesAnexos/S%C3%ADnteses/IJSN%20no%20Censo%20-%20Religi%C3%A3o.pdf
GO,catholic_pct,51.92,2022,https://ijsn.es.gov.br/Media/IJSN/PublicacoesAnexos/S%C3%ADnteses/IJSN%20no%20Censo%20-%20Religi%C3%A3o.pdf
MA,catholic_pct,64.36,2022,https://ijsn.es.gov.br/Media/IJSN/PublicacoesAnexos/S%C3%ADnteses/IJSN%20no%20Censo%20-%20Religi%C3%A3o.pdf
MG,catholic_pct,63.48,2022,https://ijsn.es.gov.br/Media/IJSN/PublicacoesAnexos/S%C3%ADnteses/IJSN%20no%20Censo%20-%20Religi%C3%A3o.pdf
MS,catholic_pct,51.9,2022,https://ijsn.es.gov.br/Media/IJSN/PublicacoesAnexos/S%C3%ADnteses/IJSN%20no%20Censo%20-%20Religi%C3%A3o.pdf
MT,catholic_pct,56.73,2022,https://ijsn.es.gov.br/Media/IJSN/PublicacoesAnexos/S%C3%ADnteses/IJSN%20no%20Censo%20-%20Religi%C3%A3o.pdf
PA,catholic_pct,54.35,2022,https://ijsn.es.gov.br/Media/IJSN/PublicacoesAnexos/S%C3%ADnteses/IJSN%20no%20Censo%20-%20Religi%C3%A3o.pdf
PB,catholic_pct,68.96,2022,https://ijsn.es.gov.br/Media/IJSN/PublicacoesAnexos/S%C3%ADnteses/IJSN%20no%20Censo%20-%20Religi%C3%A3o.pdf
PE,catholic_pct,58.82,2022,https://ijsn.es.gov.br/Media/IJSN/PublicacoesAnexos/S%C3%ADnteses/IJSN%20no%20Censo%20-%20Religi%C3%A3o.pdf
PI,catholic_pct,77.43,2022,https://ijsn.es.gov.br/Media/IJSN/PublicacoesAnexos/S%C3%ADnteses/IJSN%20no%20Censo%20-%20Religi%C3%A3o.pdf
PR,catholic_pct,62.85,2022,https://ijsn.es.gov.br/Media/IJSN/PublicacoesAnexos/S%C3%ADnteses/IJSN%20no%20Censo%20-%20Religi%C3%A3o.pdf
RJ,catholic_pct,38.92,2022,https://ijsn.es.gov.br/Media/IJSN/PublicacoesAnexos/S%C3%ADnteses/IJSN%20no%20Censo%20-%20Religi%C3%A3o.pdf
RN,catholic_pct,67.01,2022,https://ijsn.es.gov.br/Media/IJSN/PublicacoesAnexos/S%C3%ADnteses/IJSN%20no%20Censo%20-%20Religi%C3%A3o.pdf
RO,catholic_pct,40.87,2022,https://ijsn.es.gov.br/Media/IJSN/PublicacoesAnexos/S%C3%ADnteses/IJSN%20no%20Censo%20-%20Religi%C3%A3o.pdf
RR,catholic_pct,37.89,2022,https://ijsn.es.gov.br/Media/IJSN/PublicacoesAnexos/S%C3%ADnteses/IJSN%20no%20Censo%20-%20Religi%C3%A3o.pdf
RS,catholic_pct,60.63,2022,https://ijsn.es.gov.br/Media/IJSN/PublicacoesAnexos/S%C3%ADnteses/IJSN%20no%20Censo%20-%20Religi%C3%A3o.pdf
SC,catholic_pct,64.29,2022,https://ijsn.es.gov.br/Media/IJSN/PublicacoesAnexos/S%C3%ADnteses/IJSN%20no%20Censo%20-%20Religi%C3%A3o.pdf
SE,catholic_pct,67.76,2022,https://ijsn.es.gov.br/Media/IJSN/PublicacoesAnexos/S%C3%ADnteses/IJSN%20no%20Censo%20-%20Religi%C3%A3o.pdf
SP,catholic_pct,52.24,2022,https://ijsn.es.gov.br/Media/IJSN/PublicacoesAnexos/S%C3%ADnteses/IJSN%20no%20Censo%20-%20Religi%C3%A3o.pdf
TO,catholic_pct,58.67,2022,https://ijsn.es.gov.br/Media/IJSN/PublicacoesAnexos/S%C3%ADnteses/IJSN%20no%20Censo%20-%20Religi%C3%A3o.pdf
AC,fertility_rate,1.9,2022,https://ijsn.es.gov.br/Media/IJSN/PublicacoesAnexos/S%C3%ADnteses/IJSN_Censo_2022-Fecundidade.pdf
AL,fertility_rate,1.77,2022,https://ijsn.es.gov.br/Media/IJSN/PublicacoesAnexos/S%C3%ADnteses/IJSN_Censo_2022-Fecundidade.pdf
AM,fertility_rate,2.08,2022,https://ijsn.es.gov.br/Media/IJSN/PublicacoesAnexos/S%C3%ADnteses/IJSN_Censo_2022-Fecundidade.pdf
AP,fertility_rate,1.89,2022,https://ijsn.es.gov.br/Media/IJSN/PublicacoesAnexos/S%C3%ADnteses/IJSN_Censo_2022-Fecundidade.pdf
BA,fertility_rate,1.55,2022,https://ijsn.es.gov.br/Media/IJSN/PublicacoesAnexos/S%C3%ADnteses/IJSN_Censo_2022-Fecundidade.pdf
BR,fertility_rate,1.55,2022,https://ijsn.es.gov.br/Media/IJSN/PublicacoesAnexos/S%C3%ADnteses/IJSN_Censo_2022-Fecundidade.pdf
CE,fertility_rate,1.51,2022,https://ijsn.es.gov.br/Media/IJSN/PublicacoesAnexos/S%C3%ADnteses/IJSN_Censo_2022-Fecundidade.pdf
DF,fertility_rate,1.38,2022,https://ijsn.es.gov.br/Media/IJSN/PublicacoesAnexos/S%C3%ADnteses/IJSN_Censo_2022-Fecundidade.pdf
ES,fertility_rate,1.62,2022,https://ijsn.es.gov.br/Media/IJSN/PublicacoesAnexos/S%C3%ADnteses/IJSN_Censo_2022-Fecundidade.pdf
GO,fertility_rate,1.57,2022,https://ijsn.es.gov.br/Media/IJSN/PublicacoesAnexos/S%C3%ADnteses/IJSN_Censo_2022-Fecundidade.pdf
MA,fertility_rate,1.75,2022,https://ijsn.es.gov.br/Media/IJSN/PublicacoesAnexos/S%C3%ADnteses/IJSN_Censo_2022-Fecundidade.pdf
MG,fertility_rate,1.48,2022,https://ijsn.es.gov.br/Media/IJSN/PublicacoesAnexos/S%C3%ADnteses/IJSN_Censo_2022-Fecundidade.pdf
MS,fertility_rate,1.83,2022,https://ijsn.es.gov.br/Media/IJSN/PublicacoesAnexos/S%C3%ADnteses/IJSN_Censo_2022-Fecundidade.pdf
MT,fertility_rate,1.85,2022,https://ijsn.es.gov.br/Media/IJSN/PublicacoesAnexos/S%C3%ADnteses/IJSN_Censo_2022-Fecundidade.pdf
PA,fertility_rate,1.83,2022,https://ijsn.es.gov.br/Media/IJSN/PublicacoesAnexos/S%C3%ADnteses/IJSN_Censo_2022-Fecundidade.pdf
PB,fertility_rate,1.61,2022,https://ijsn.es.gov.br/Media/IJSN/PublicacoesAnexos/S%C3%ADnteses/IJSN_Censo_2022-Fecundidade.pdf
PE,fertility_rate,1.61,2022,https://ijsn.es.gov.br/Media/IJSN/PublicacoesAnexos/S%C3%ADnteses/IJSN_Censo_2022-Fecundidade.pdf
PI,fertility_rate,1.66,2022,https://ijsn.es.gov.br/Media/IJSN/PublicacoesAnexos/S%C3%ADnteses/IJSN_Censo_2022-Fecundidade.pdf
PR,fertility_rate,1.55,2022,https://ijsn.es.gov.br/Media/IJSN/PublicacoesAnexos/S%C3%ADnteses/IJSN_Censo_2022-Fecundidade.pdf
RJ,fertility_rate,1.35,2022,https://ijsn.es.gov.br/Media/IJSN/PublicacoesAnexos/S%C3%ADnteses/IJSN_Censo_2022-Fecundidade.pdf
RN,fertility_rate,1.49,2022,https://ijsn.es.gov.br/Media/IJSN/PublicacoesAnexos/S%C3%ADnteses/IJSN_Censo_2022-Fecundidade.pdf
RO,fertility_rate,1.72,2022,https://ijsn.es.gov.br/Media/IJSN/PublicacoesAnexos/S%C3%ADnteses/IJSN_Censo_2022-Fecundidade.pdf
RR,fertility_rate,2.19,2022,https://ijsn.es.gov.br/Media/IJSN/PublicacoesAnexos/S%C3%ADnteses/IJSN_Censo_2022-Fecundidade.pdf
RS,fertility_rate,1.44,2022,https://ijsn.es.gov.br/Media/IJSN/PublicacoesAnexos/S%C3%ADnteses/IJSN_Censo_2022-Fecundidade.pdf
SC,fertility_rate,1.51,2022,https://ijsn.es.gov.br/Media/IJSN/PublicacoesAnexos/S%C3%ADnteses/IJSN_Censo_2022-Fecundidade.pdf
SE,fertility_rate,1.6,2022,https://ijsn.es.gov.br/Media/IJSN/PublicacoesAnexos/S%C3%ADnteses/IJSN_Censo_2022-Fecundidade.pdf
SP,fertility_rate,1.39,2022,https://ijsn.es.gov.br/Media/IJSN/PublicacoesAnexos/S%C3%ADnteses/IJSN_Censo_2022-Fecundidade.pdf
TO,fertility_rate,1.8,2022,https://ijsn.es.gov.br/Media/IJSN/PublicacoesAnexos/S%C3%ADnteses/IJSN_Censo_2022-Fecundidade.pdf
AC,no_religion_pct,11.2,2022,https://acreagora.com/2026/06/15/acre-tem-112-da-populacao-sem-religiao-e-registra-indice-acima-da-media-nacional/
AL,no_religion_pct,9.31,2022,https://www.tnh1.com.br/noticia/nid/cresce-numero-de-evangelicos-em-alagoas-mas-catolicos-ainda-sao-maioria-aponta-ibge/
AM,no_religion_pct,7.38,2022,https://acreagora.com/2026/06/15/acre-tem-112-da-populacao-sem-religiao-e-registra-indice-acima-da-media-nacional/
AP,no_religion_pct,7.63,2022,https://acreagora.com/2026/06/15/acre-tem-112-da-populacao-sem-religiao-e-registra-indice-acima-da-media-nacional/
BA,no_religion_pct,12.91,2022,https://www.rondoniaovivo.com/noticia/geral/2026/06/20/ranking-nacional-rondonia-tem-3o-maior-indice-de-pessoas-sem-religiao-aponta-censo-2022.html
BR,no_religion_pct,9.28,2022,https://diariodopara.com.br/para/para-registra-aumento-de-evangelicos-e-queda-dos-catolicos-diz-ibge/
CE,no_religion_pct,5.3,2022,https://www.ihu.unisinos.br/categorias/653165-censo-2022-crescimento-de-sem-religiao-favorece-a-laicidade-nacional
DF,no_religion_pct,11.3,2022,https://digital.correiodamanha.com.br/jornalcorreiodamanha/2025/06/09/112531/pdf/0906df_cmanha09.pdf
ES,no_religion_pct,11.54,2022,https://www.rondoniaovivo.com/noticia/geral/2026/06/20/ranking-nacional-rondonia-tem-3o-maior-indice-de-pessoas-sem-religiao-aponta-censo-2022.html
GO,no_religion_pct,8.4,2022,https://www.maisgoias.com.br/cidades/grupo-de-jovens-sem-religiao-e-maior-que-o-de-catolicos-e-evangelicos-em-goias/
MG,no_religion_pct,5.72,2022,https://www.rondoniaovivo.com/noticia/geral/2026/06/20/ranking-nacional-rondonia-tem-3o-maior-indice-de-pessoas-sem-religiao-aponta-censo-2022.html
MS,no_religion_pct,8.96,2022,https://acritica.net/cidades/perfil-religioso-ms-catolicos-evangelicos-iser-censo/
MT,no_religion_pct,8.1,2022,https://www.rdnews.com.br/cidades/catolicos-seguem-sendo-maioria-em-mt-mas-religioes-evangelicas-e-afro-brasileiras-aumentam-participacao/212494
PA,no_religion_pct,7.06,2022,https://diariodopara.com.br/para/para-registra-aumento-de-evangelicos-e-queda-dos-catolicos-diz-ibge/
PB,no_religion_pct,6.2,2022,https://auniao.pb.gov.br/noticias/caderno_paraiba/percentual-de-catolicos-tem-reducao-na-paraiba
PE,no_religion_pct,10.39,2022,https://www.folhape.com.br/noticias/censo-2022-religioes-pernambuco-ibge/416424/
PI,no_religion_pct,4.3,2022,https://www.rondoniaovivo.com/noticia/geral/2026/06/20/ranking-nacional-rondonia-tem-3o-maior-indice-de-pessoas-sem-religiao-aponta-censo-2022.html
PR,no_religion_pct,6.03,2022,https://www.rondoniaovivo.com/noticia/geral/2026/06/20/ranking-nacional-rondonia-tem-3o-maior-indice-de-pessoas-sem-religiao-aponta-censo-2022.html
RJ,no_religion_pct,16.89,2022,https://www.rondoniaovivo.com/noticia/geral/2026/06/20/ranking-nacional-rondonia-tem-3o-maior-indice-de-pessoas-sem-religiao-aponta-censo-2022.html
RN,no_religion_pct,7.42,2022,https://blogdobarreto.com.br/wp-content/uploads/2025/06/Sintese_Religioes_RN.pdf
RO,no_religion_pct,12.93,2022,https://www.rondoniaovivo.com/noticia/geral/2026/06/20/ranking-nacional-rondonia-tem-3o-maior-indice-de-pessoas-sem-religiao-aponta-censo-2022.html
RR,no_religion_pct,16.94,2022,https://www.rondoniaovivo.com/noticia/geral/2026/06/20/ranking-nacional-rondonia-tem-3o-maior-indice-de-pessoas-sem-religiao-aponta-censo-2022.html
RS,no_religion_pct,8.8,2022,https://agenciadenoticias.ibge.gov.br/media/com_mediaibge/arquivos/3f1708b5d315aca50d5a7d8764469c45.pdf
SC,no_religion_pct,6.3,2022,https://www.nsctotal.com.br/?p=7542192
SE,no_religion_pct,9.11,2022,https://fanf1.com.br/2025/06/06/censo-2022-mais-de-67-da-populacao-sergipana-se-declarou-catolica/
SP,no_religion_pct,10.5,2022,https://agenciadenoticias.ibge.gov.br/media/com_mediaibge/arquivos/3f1708b5d315aca50d5a7d8764469c45.pdf
TO,no_religion_pct,6.45,2022,https://atitudeto.com.br/noticias/censo-2022-populacao-de-evangelicos-no-tocantins-sobe-de-229-para-31-enquanto-numero-de-catolicos-cai-de-683-para-586/
AC,one_person_households_pct,15.75,2022,https://ijsn.es.gov.br/Media/IJSN/PublicacoesAnexos/S%C3%ADnteses/IJSN_Censo_2022_Composi%C3%A7%C3%A3o%20Domiciliar_Outubro%202024_VF.pdf
AL,one_person_households_pct,15.55,2022,https://ijsn.es.gov.br/Media/IJSN/PublicacoesAnexos/S%C3%ADnteses/IJSN_Censo_2022_Composi%C3%A7%C3%A3o%20Domiciliar_Outubro%202024_VF.pdf
AM,one_person_households_pct,12.95,2022,https://ijsn.es.gov.br/Media/IJSN/PublicacoesAnexos/S%C3%ADnteses/IJSN_Censo_2022_Composi%C3%A7%C3%A3o%20Domiciliar_Outubro%202024_VF.pdf
AP,one_person_households_pct,12.0,2022,https://ijsn.es.gov.br/Media/IJSN/PublicacoesAnexos/S%C3%ADnteses/IJSN_Censo_2022_Composi%C3%A7%C3%A3o%20Domiciliar_Outubro%202024_VF.pdf
BA,one_person_households_pct,20.15,2022,https://ijsn.es.gov.br/Media/IJSN/PublicacoesAnexos/S%C3%ADnteses/IJSN_Censo_2022_Composi%C3%A7%C3%A3o%20Domiciliar_Outubro%202024_VF.pdf
BR,one_person_households_pct,18.94,2022,https://ijsn.es.gov.br/Media/IJSN/PublicacoesAnexos/S%C3%ADnteses/IJSN_Censo_2022_Composi%C3%A7%C3%A3o%20Domiciliar_Outubro%202024_VF.pdf
CE,one_person_households_pct,16.45,2022,https://ijsn.es.gov.br/Media/IJSN/PublicacoesAnexos/S%C3%ADnteses/IJSN_Censo_2022_Composi%C3%A7%C3%A3o%20Domiciliar_Outubro%202024_VF.pdf
DF,one_person_households_pct,19.62,2022,https://ijsn.es.gov.br/Media/IJSN/PublicacoesAnexos/S%C3%ADnteses/IJSN_Censo_2022_Composi%C3%A7%C3%A3o%20Domiciliar_Outubro%202024_VF.pdf
ES,one_person_households_pct,20.6,2022,https://ijsn.es.gov.br/Media/IJSN/PublicacoesAnexos/S%C3%ADnteses/IJSN_Censo_2022_Composi%C3%A7%C3%A3o%20Domiciliar_Outubro%202024_VF.pdf
GO,one_person_households_pct,19.75,2022,https://ijsn.es.gov.br/Media/IJSN/PublicacoesAnexos/S%C3%ADnteses/IJSN_Censo_2022_Composi%C3%A7%C3%A3o%20Domiciliar_Outubro%202024_VF.pdf
MA,one_person_households_pct,13.91,2022,https://ijsn.es.gov.br/Media/IJSN/PublicacoesAnexos/S%C3%ADnteses/IJSN_Censo_2022_Composi%C3%A7%C3%A3o%20Domiciliar_Outubro%202024_VF.pdf
MG,one_person_households_pct,19.98,2022,https://ijsn.es.gov.br/Media/IJSN/PublicacoesAnexos/S%C3%ADnteses/IJSN_Censo_2022_Composi%C3%A7%C3%A3o%20Domiciliar_Outubro%202024_VF.pdf
MS,one_person_households_pct,18.84,2022,https://ijsn.es.gov.br/Media/IJSN/PublicacoesAnexos/S%C3%ADnteses/IJSN_Censo_2022_Composi%C3%A7%C3%A3o%20Domiciliar_Outubro%202024_VF.pdf
MT,one_person_households_pct,18.13,2022,https://ijsn.es.gov.br/Media/IJSN/PublicacoesAnexos/S%C3%ADnteses/IJSN_Censo_2022_Composi%C3%A7%C3%A3o%20Domiciliar_Outubro%202024_VF.pdf
PA,one_person_households_pct,13.53,2022,https://ijsn.es.gov.br/Media/IJSN/PublicacoesAnexos/S%C3%ADnteses/IJSN_Censo_2022_Composi%C3%A7%C3%A3o%20Domiciliar_Outubro%202024_VF.pdf
PB,one_person_households_pct,16.6,2022,https://ijsn.es.gov.br/Media/IJSN/PublicacoesAnexos/S%C3%ADnteses/IJSN_Censo_2022_Composi%C3%A7%C3%A3o%20Domiciliar_Outubro%202024_VF.pdf
PE,one_person_households_pct,18.04,2022,https://ijsn.es.gov.br/Media/IJSN/PublicacoesAnexos/S%C3%ADnteses/IJSN_Censo_2022_Composi%C3%A7%C3%A3o%20Domiciliar_Outubro%202024_VF.pdf
PI,one_person_households_pct,14.81,2022,https://ijsn.es.gov.br/Media/IJSN/PublicacoesAnexos/S%C3%ADnteses/IJSN_Censo_2022_Composi%C3%A7%C3%A3o%20Domiciliar_Outubro%202024_VF.pdf
PR,one_person_households_pct,18.35,2022,https://ijsn.es.gov.br/Media/IJSN/PublicacoesAnexos/S%C3%ADnteses/IJSN_Censo_2022_Composi%C3%A7%C3%A3o%20Domiciliar_Outubro%202024_VF.pdf
RJ,one_person_households_pct,23.41,2022,https://ijsn.es.gov.br/Media/IJSN/PublicacoesAnexos/S%C3%ADnteses/IJSN_Censo_2022_Composi%C3%A7%C3%A3o%20Domiciliar_Outubro%202024_VF.pdf
RN,one_person_households_pct,16.31,2022,https://ijsn.es.gov.br/Media/IJSN/PublicacoesAnexos/S%C3%ADnteses/IJSN_Censo_2022_Composi%C3%A7%C3%A3o%20Domiciliar_Outubro%202024_VF.pdf
RO,one_person_households_pct,17.19,2022,https://ijsn.es.gov.br/Media/IJSN/PublicacoesAnexos/S%C3%ADnteses/IJSN_Censo_2022_Composi%C3%A7%C3%A3o%20Domiciliar_Outubro%202024_VF.pdf
RR,one_person_households_pct,14.61,2022,https://ijsn.es.gov.br/Media/IJSN/PublicacoesAnexos/S%C3%ADnteses/IJSN_Censo_2022_Composi%C3%A7%C3%A3o%20Domiciliar_Outubro%202024_VF.pdf
RS,one_person_households_pct,22.34,2022,https://ijsn.es.gov.br/Media/IJSN/PublicacoesAnexos/S%C3%ADnteses/IJSN_Censo_2022_Composi%C3%A7%C3%A3o%20Domiciliar_Outubro%202024_VF.pdf
SC,one_person_households_pct,18.01,2022,https://ijsn.es.gov.br/Media/IJSN/PublicacoesAnexos/S%C3%ADnteses/IJSN_Censo_2022_Composi%C3%A7%C3%A3o%20Domiciliar_Outubro%202024_VF.pdf
SE,one_person_households_pct,18.63,2022,https://ijsn.es.gov.br/Media/IJSN/PublicacoesAnexos/S%C3%ADnteses/IJSN_Censo_2022_Composi%C3%A7%C3%A3o%20Domiciliar_Outubro%202024_VF.pdf
SP,one_person_households_pct,19.23,2022,https://ijsn.es.gov.br/Media/IJSN/PublicacoesAnexos/S%C3%ADnteses/IJSN_Censo_2022_Composi%C3%A7%C3%A3o%20Domiciliar_Outubro%202024_VF.pdf
TO,one_person_households_pct,17.95,2022,https://ijsn.es.gov.br/Media/IJSN/PublicacoesAnexos/S%C3%ADnteses/IJSN_Censo_2022_Composi%C3%A7%C3%A3o%20Domiciliar_Outubro%202024_VF.pdf
AC,water_network_pct,51.6,2022,https://static.poder360.com.br/2024/02/censo-2022-caracteristicas-domicilios.pdf
AL,water_network_pct,67.7,2022,https://static.poder360.com.br/2024/02/censo-2022-caracteristicas-domicilios.pdf
AM,water_network_pct,64.7,2022,https://static.poder360.com.br/2024/02/censo-2022-caracteristicas-domicilios.pdf
AP,water_network_pct,43.7,2022,https://static.poder360.com.br/2024/02/censo-2022-caracteristicas-domicilios.pdf
BA,water_network_pct,82.7,2022,https://static.poder360.com.br/2024/02/censo-2022-caracteristicas-domicilios.pdf
BR,water_network_pct,82.9,2022,https://static.poder360.com.br/2024/02/censo-2022-caracteristicas-domicilios.pdf
CE,water_network_pct,78.8,2022,https://static.poder360.com.br/2024/02/censo-2022-caracteristicas-domicilios.pdf
DF,water_network_pct,92.8,2022,https://static.poder360.com.br/2024/02/censo-2022-caracteristicas-domicilios.pdf
ES,water_network_pct,83.7,2022,https://static.poder360.com.br/2024/02/censo-2022-caracteristicas-domicilios.pdf
GO,water_network_pct,84.4,2022,https://static.poder360.com.br/2024/02/censo-2022-caracteristicas-domicilios.pdf
MA,water_network_pct,65.3,2022,https://static.poder360.com.br/2024/02/censo-2022-caracteristicas-domicilios.pdf
MG,water_network_pct,87.6,2022,https://static.poder360.com.br/2024/02/censo-2022-caracteristicas-domicilios.pdf
MS,water_network_pct,87.0,2022,https://static.poder360.com.br/2024/02/censo-2022-caracteristicas-domicilios.pdf
MT,water_network_pct,80.5,2022,https://static.poder360.com.br/2024/02/censo-2022-caracteristicas-domicilios.pdf
PA,water_network_pct,48.0,2022,https://static.poder360.com.br/2024/02/censo-2022-caracteristicas-domicilios.pdf
PB,water_network_pct,74.0,2022,https://static.poder360.com.br/2024/02/censo-2022-caracteristicas-domicilios.pdf
PE,water_network_pct,70.6,2022,https://static.poder360.com.br/2024/02/censo-2022-caracteristicas-domicilios.pdf
PI,water_network_pct,76.9,2022,https://static.poder360.com.br/2024/02/censo-2022-caracteristicas-domicilios.pdf
PR,water_network_pct,88.7,2022,https://static.poder360.com.br/2024/02/censo-2022-caracteristicas-domicilios.pdf
RJ,water_network_pct,84.1,2022,https://static.poder360.com.br/2024/02/censo-2022-caracteristicas-domicilios.pdf
RN,water_network_pct,84.6,2022,https://static.poder360.com.br/2024/02/censo-2022-caracteristicas-domicilios.pdf
RO,water_network_pct,45.3,2022,https://static.poder360.com.br/2024/02/censo-2022-caracteristicas-domicilios.pdf
RR,water_network_pct,80.1,2022,https://static.poder360.com.br/2024/02/censo-2022-caracteristicas-domicilios.pdf
RS,water_network_pct,86.2,2022,https://static.poder360.com.br/2024/02/censo-2022-caracteristicas-domicilios.pdf
SC,water_network_pct,83.8,2022,https://static.poder360.com.br/2024/02/censo-2022-caracteristicas-domicilios.pdf
SE,water_network_pct,85.3,2022,https://static.poder360.com.br/2024/02/censo-2022-caracteristicas-domicilios.pdf
SP,water_network_pct,95.6,2022,https://static.poder360.com.br/2024/02/censo-2022-caracteristicas-domicilios.pdf
TO,water_network_pct,81.8,2022,https://static.poder360.com.br/2024/02/censo-2022-caracteristicas-domicilios.pdf
BR,gini,0.511,2025,https://apisidra.ibge.gov.br/values/t/7435/n1/all/n3/all/v/10681/p/2025
BR,gdp_growth_pct,3.2,2023,https://agenciadenoticias.ibge.gov.br/media/com_mediaibge/arquivos/9c2b887d59dd6c63da1b39b00c6cacce.pdf
BR,clt_share_pct,38.2,2026Q2,"https://apisidra.ibge.gov.br/values/t/4097/n1/all/n3/all/v/4090/p/202602/c11913/96165,31722"
BR,female_participation_pct,52.6,2026Q2,https://apisidra.ibge.gov.br/values/t/4093/n1/all/n3/all/v/4096/p/202602/c2/5
BR,women_pay_ratio_pct,80.3,2026Q2,"https://apisidra.ibge.gov.br/values/t/5436/n1/all/n3/all/v/5933/p/202602/c2/4,5"
RO,gini,0.458,2025,https://apisidra.ibge.gov.br/values/t/7435/n1/all/n3/all/v/10681/p/2025
RO,gdp_growth_pct,1.3,2023,https://agenciadenoticias.ibge.gov.br/media/com_mediaibge/arquivos/9c2b887d59dd6c63da1b39b00c6cacce.pdf
RO,clt_share_pct,31.7,2026Q2,"https://apisidra.ibge.gov.br/values/t/4097/n1/all/n3/all/v/4090/p/202602/c11913/96165,31722"
RO,female_participation_pct,47.4,2026Q2,https://apisidra.ibge.gov.br/values/t/4093/n1/all/n3/all/v/4096/p/202602/c2/5
RO,women_pay_ratio_pct,73.1,2026Q2,"https://apisidra.ibge.gov.br/values/t/5436/n1/all/n3/all/v/5933/p/202602/c2/4,5"
AC,gini,0.509,2025,https://apisidra.ibge.gov.br/values/t/7435/n1/all/n3/all/v/10681/p/2025
AC,gdp_growth_pct,14.7,2023,https://agenciadenoticias.ibge.gov.br/media/com_mediaibge/arquivos/9c2b887d59dd6c63da1b39b00c6cacce.pdf
AC,clt_share_pct,25.8,2026Q2,"https://apisidra.ibge.gov.br/values/t/4097/n1/all/n3/all/v/4090/p/202602/c11913/96165,31722"
AC,female_participation_pct,43.4,2026Q2,https://apisidra.ibge.gov.br/values/t/4093/n1/all/n3/all/v/4096/p/202602/c2/5
AC,women_pay_ratio_pct,95.8,2026Q2,"https://apisidra.ibge.gov.br/values/t/5436/n1/all/n3/all/v/5933/p/202602/c2/4,5"
AM,gini,0.488,2025,https://apisidra.ibge.gov.br/values/t/7435/n1/all/n3/all/v/10681/p/2025
AM,gdp_growth_pct,2.1,2023,https://agenciadenoticias.ibge.gov.br/media/com_mediaibge/arquivos/9c2b887d59dd6c63da1b39b00c6cacce.pdf
AM,clt_share_pct,25.0,2026Q2,"https://apisidra.ibge.gov.br/values/t/4097/n1/all/n3/all/v/4090/p/202602/c11913/96165,31722"
AM,female_participation_pct,50.7,2026Q2,https://apisidra.ibge.gov.br/values/t/4093/n1/all/n3/all/v/4096/p/202602/c2/5
AM,women_pay_ratio_pct,87.8,2026Q2,"https://apisidra.ibge.gov.br/values/t/5436/n1/all/n3/all/v/5933/p/202602/c2/4,5"
RR,gini,0.506,2025,https://apisidra.ibge.gov.br/values/t/7435/n1/all/n3/all/v/10681/p/2025
RR,gdp_growth_pct,4.2,2023,https://agenciadenoticias.ibge.gov.br/media/com_mediaibge/arquivos/9c2b887d59dd6c63da1b39b00c6cacce.pdf
RR,clt_share_pct,24.8,2026Q2,"https://apisidra.ibge.gov.br/values/t/4097/n1/all/n3/all/v/4090/p/202602/c11913/96165,31722"
RR,female_participation_pct,54.2,2026Q2,https://apisidra.ibge.gov.br/values/t/4093/n1/all/n3/all/v/4096/p/202602/c2/5
RR,women_pay_ratio_pct,81.1,2026Q2,"https://apisidra.ibge.gov.br/values/t/5436/n1/all/n3/all/v/5933/p/202602/c2/4,5"
PA,gini,0.492,2025,https://apisidra.ibge.gov.br/values/t/7435/n1/all/n3/all/v/10681/p/2025
PA,gdp_growth_pct,1.4,2023,https://agenciadenoticias.ibge.gov.br/media/com_mediaibge/arquivos/9c2b887d59dd6c63da1b39b00c6cacce.pdf
PA,clt_share_pct,23.5,2026Q2,"https://apisidra.ibge.gov.br/values/t/4097/n1/all/n3/all/v/4090/p/202602/c11913/96165,31722"
PA,female_participation_pct,46.2,2026Q2,https://apisidra.ibge.gov.br/values/t/4093/n1/all/n3/all/v/4096/p/202602/c2/5
PA,women_pay_ratio_pct,91.8,2026Q2,"https://apisidra.ibge.gov.br/values/t/5436/n1/all/n3/all/v/5933/p/202602/c2/4,5"
AP,gini,0.496,2025,https://apisidra.ibge.gov.br/values/t/7435/n1/all/n3/all/v/10681/p/2025
AP,gdp_growth_pct,2.9,2023,https://agenciadenoticias.ibge.gov.br/media/com_mediaibge/arquivos/9c2b887d59dd6c63da1b39b00c6cacce.pdf
AP,clt_share_pct,24.2,2026Q2,"https://apisidra.ibge.gov.br/values/t/4097/n1/all/n3/all/v/4090/p/202602/c11913/96165,31722"
AP,female_participation_pct,49.8,2026Q2,https://apisidra.ibge.gov.br/values/t/4093/n1/all/n3/all/v/4096/p/202602/c2/5
AP,women_pay_ratio_pct,102.3,2026Q2,"https://apisidra.ibge.gov.br/values/t/5436/n1/all/n3/all/v/5933/p/202602/c2/4,5"
TO,gini,0.472,2025,https://apisidra.ibge.gov.br/values/t/7435/n1/all/n3/all/v/10681/p/2025
TO,gdp_growth_pct,7.9,2023,https://agenciadenoticias.ibge.gov.br/media/com_mediaibge/arquivos/9c2b887d59dd6c63da1b39b00c6cacce.pdf
TO,clt_share_pct,28.5,2026Q2,"https://apisidra.ibge.gov.br/values/t/4097/n1/all/n3/all/v/4090/p/202602/c11913/96165,31722"
TO,female_participation_pct,54.6,2026Q2,https://apisidra.ibge.gov.br/values/t/4093/n1/all/n3/all/v/4096/p/202602/c2/5
TO,women_pay_ratio_pct,80.1,2026Q2,"https://apisidra.ibge.gov.br/values/t/5436/n1/all/n3/all/v/5933/p/202602/c2/4,5"
MA,gini,0.491,2025,https://apisidra.ibge.gov.br/values/t/7435/n1/all/n3/all/v/10681/p/2025
MA,gdp_growth_pct,3.6,2023,https://agenciadenoticias.ibge.gov.br/media/com_mediaibge/arquivos/9c2b887d59dd6c63da1b39b00c6cacce.pdf
MA,clt_share_pct,19.7,2026Q2,"https://apisidra.ibge.gov.br/values/t/4097/n1/all/n3/all/v/4090/p/202602/c11913/96165,31722"
MA,female_participation_pct,41.9,2026Q2,https://apisidra.ibge.gov.br/values/t/4093/n1/all/n3/all/v/4096/p/202602/c2/5
MA,women_pay_ratio_pct,92.2,2026Q2,"https://apisidra.ibge.gov.br/values/t/5436/n1/all/n3/all/v/5933/p/202602/c2/4,5"
PI,gini,0.508,2025,https://apisidra.ibge.gov.br/values/t/7435/n1/all/n3/all/v/10681/p/2025
PI,gdp_growth_pct,3.1,2023,https://agenciadenoticias.ibge.gov.br/media/com_mediaibge/arquivos/9c2b887d59dd6c63da1b39b00c6cacce.pdf
PI,clt_share_pct,22.0,2026Q2,"https://apisidra.ibge.gov.br/values/t/4097/n1/all/n3/all/v/4090/p/202602/c11913/96165,31722"
PI,female_participation_pct,42.5,2026Q2,https://apisidra.ibge.gov.br/values/t/4093/n1/all/n3/all/v/4096/p/202602/c2/5
PI,women_pay_ratio_pct,91.6,2026Q2,"https://apisidra.ibge.gov.br/values/t/5436/n1/all/n3/all/v/5933/p/202602/c2/4,5"
CE,gini,0.506,2025,https://apisidra.ibge.gov.br/values/t/7435/n1/all/n3/all/v/10681/p/2025
CE,gdp_growth_pct,3.0,2023,https://agenciadenoticias.ibge.gov.br/media/com_mediaibge/arquivos/9c2b887d59dd6c63da1b39b00c6cacce.pdf
CE,clt_share_pct,29.2,2026Q2,"https://apisidra.ibge.gov.br/values/t/4097/n1/all/n3/all/v/4090/p/202602/c11913/96165,31722"
CE,female_participation_pct,41.1,2026Q2,https://apisidra.ibge.gov.br/values/t/4093/n1/all/n3/all/v/4096/p/202602/c2/5
CE,women_pay_ratio_pct,91.0,2026Q2,"https://apisidra.ibge.gov.br/values/t/5436/n1/all/n3/all/v/5933/p/202602/c2/4,5"
RN,gini,0.540,2025,https://apisidra.ibge.gov.br/values/t/7435/n1/all/n3/all/v/10681/p/2025
RN,gdp_growth_pct,4.2,2023,https://agenciadenoticias.ibge.gov.br/media/com_mediaibge/arquivos/9c2b887d59dd6c63da1b39b00c6cacce.pdf
RN,clt_share_pct,31.5,2026Q2,"https://apisidra.ibge.gov.br/values/t/4097/n1/all/n3/all/v/4090/p/202602/c11913/96165,31722"
RN,female_participation_pct,41.6,2026Q2,https://apisidra.ibge.gov.br/values/t/4093/n1/all/n3/all/v/4096/p/202602/c2/5
RN,women_pay_ratio_pct,84.9,2026Q2,"https://apisidra.ibge.gov.br/values/t/5436/n1/all/n3/all/v/5933/p/202602/c2/4,5"
PB,gini,0.507,2025,https://apisidra.ibge.gov.br/values/t/7435/n1/all/n3/all/v/10681/p/2025
PB,gdp_growth_pct,3.0,2023,https://agenciadenoticias.ibge.gov.br/media/com_mediaibge/arquivos/9c2b887d59dd6c63da1b39b00c6cacce.pdf
PB,clt_share_pct,28.4,2026Q2,"https://apisidra.ibge.gov.br/values/t/4097/n1/all/n3/all/v/4090/p/202602/c11913/96165,31722"
PB,female_participation_pct,42.7,2026Q2,https://apisidra.ibge.gov.br/values/t/4093/n1/all/n3/all/v/4096/p/202602/c2/5
PB,women_pay_ratio_pct,88.0,2026Q2,"https://apisidra.ibge.gov.br/values/t/5436/n1/all/n3/all/v/5933/p/202602/c2/4,5"
PE,gini,0.520,2025,https://apisidra.ibge.gov.br/values/t/7435/n1/all/n3/all/v/10681/p/2025
PE,gdp_growth_pct,2.4,2023,https://agenciadenoticias.ibge.gov.br/media/com_mediaibge/arquivos/9c2b887d59dd6c63da1b39b00c6cacce.pdf
PE,clt_share_pct,31.1,2026Q2,"https://apisidra.ibge.gov.br/values/t/4097/n1/all/n3/all/v/4090/p/202602/c11913/96165,31722"
PE,female_participation_pct,41.1,2026Q2,https://apisidra.ibge.gov.br/values/t/4093/n1/all/n3/all/v/4096/p/202602/c2/5
PE,women_pay_ratio_pct,88.8,2026Q2,"https://apisidra.ibge.gov.br/values/t/5436/n1/all/n3/all/v/5933/p/202602/c2/4,5"
AL,gini,0.512,2025,https://apisidra.ibge.gov.br/values/t/7435/n1/all/n3/all/v/10681/p/2025
AL,gdp_growth_pct,3.5,2023,https://agenciadenoticias.ibge.gov.br/media/com_mediaibge/arquivos/9c2b887d59dd6c63da1b39b00c6cacce.pdf
AL,clt_share_pct,29.1,2026Q2,"https://apisidra.ibge.gov.br/values/t/4097/n1/all/n3/all/v/4090/p/202602/c11913/96165,31722"
AL,female_participation_pct,41.8,2026Q2,https://apisidra.ibge.gov.br/values/t/4093/n1/all/n3/all/v/4096/p/202602/c2/5
AL,women_pay_ratio_pct,87.2,2026Q2,"https://apisidra.ibge.gov.br/values/t/5436/n1/all/n3/all/v/5933/p/202602/c2/4,5"
SE,gini,0.532,2025,https://apisidra.ibge.gov.br/values/t/7435/n1/all/n3/all/v/10681/p/2025
SE,gdp_growth_pct,3.1,2023,https://agenciadenoticias.ibge.gov.br/media/com_mediaibge/arquivos/9c2b887d59dd6c63da1b39b00c6cacce.pdf
SE,clt_share_pct,29.1,2026Q2,"https://apisidra.ibge.gov.br/values/t/4097/n1/all/n3/all/v/4090/p/202602/c11913/96165,31722"
SE,female_participation_pct,47.3,2026Q2,https://apisidra.ibge.gov.br/values/t/4093/n1/all/n3/all/v/4096/p/202602/c2/5
SE,women_pay_ratio_pct,92.3,2026Q2,"https://apisidra.ibge.gov.br/values/t/5436/n1/all/n3/all/v/5933/p/202602/c2/4,5"
BA,gini,0.466,2025,https://apisidra.ibge.gov.br/values/t/7435/n1/all/n3/all/v/10681/p/2025
BA,gdp_growth_pct,2.3,2023,https://agenciadenoticias.ibge.gov.br/media/com_mediaibge/arquivos/9c2b887d59dd6c63da1b39b00c6cacce.pdf
BA,clt_share_pct,27.8,2026Q2,"https://apisidra.ibge.gov.br/values/t/4097/n1/all/n3/all/v/4090/p/202602/c11913/96165,31722"
BA,female_participation_pct,49.7,2026Q2,https://apisidra.ibge.gov.br/values/t/4093/n1/all/n3/all/v/4096/p/202602/c2/5
BA,women_pay_ratio_pct,88.6,2026Q2,"https://apisidra.ibge.gov.br/values/t/5436/n1/all/n3/all/v/5933/p/202602/c2/4,5"
MG,gini,0.473,2025,https://apisidra.ibge.gov.br/values/t/7435/n1/all/n3/all/v/10681/p/2025
MG,gdp_growth_pct,3.4,2023,https://agenciadenoticias.ibge.gov.br/media/com_mediaibge/arquivos/9c2b887d59dd6c63da1b39b00c6cacce.pdf
MG,clt_share_pct,37.9,2026Q2,"https://apisidra.ibge.gov.br/values/t/4097/n1/all/n3/all/v/4090/p/202602/c11913/96165,31722"
MG,female_participation_pct,54.7,2026Q2,https://apisidra.ibge.gov.br/values/t/4093/n1/all/n3/all/v/4096/p/202602/c2/5
MG,women_pay_ratio_pct,78.3,2026Q2,"https://apisidra.ibge.gov.br/values/t/5436/n1/all/n3/all/v/5933/p/202602/c2/4,5"
ES,gini,0.480,2025,https://apisidra.ibge.gov.br/values/t/7435/n1/all/n3/all/v/10681/p/2025
ES,gdp_growth_pct,3.4,2023,https://agenciadenoticias.ibge.gov.br/media/com_mediaibge/arquivos/9c2b887d59dd6c63da1b39b00c6cacce.pdf
ES,clt_share_pct,36.1,2026Q2,"https://apisidra.ibge.gov.br/values/t/4097/n1/all/n3/all/v/4090/p/202602/c11913/96165,31722"
ES,female_participation_pct,52.1,2026Q2,https://apisidra.ibge.gov.br/values/t/4093/n1/all/n3/all/v/4096/p/202602/c2/5
ES,women_pay_ratio_pct,75.2,2026Q2,"https://apisidra.ibge.gov.br/values/t/5436/n1/all/n3/all/v/5933/p/202602/c2/4,5"
RJ,gini,0.543,2025,https://apisidra.ibge.gov.br/values/t/7435/n1/all/n3/all/v/10681/p/2025
RJ,gdp_growth_pct,5.7,2023,https://agenciadenoticias.ibge.gov.br/media/com_mediaibge/arquivos/9c2b887d59dd6c63da1b39b00c6cacce.pdf
RJ,clt_share_pct,38.3,2026Q2,"https://apisidra.ibge.gov.br/values/t/4097/n1/all/n3/all/v/4090/p/202602/c11913/96165,31722"
RJ,female_participation_pct,52.0,2026Q2,https://apisidra.ibge.gov.br/values/t/4093/n1/all/n3/all/v/4096/p/202602/c2/5
RJ,women_pay_ratio_pct,75.5,2026Q2,"https://apisidra.ibge.gov.br/values/t/5436/n1/all/n3/all/v/5933/p/202602/c2/4,5"
SP,gini,0.491,2025,https://apisidra.ibge.gov.br/values/t/7435/n1/all/n3/all/v/10681/p/2025
SP,gdp_growth_pct,1.4,2023,https://agenciadenoticias.ibge.gov.br/media/com_mediaibge/arquivos/9c2b887d59dd6c63da1b39b00c6cacce.pdf
SP,clt_share_pct,47.4,2026Q2,"https://apisidra.ibge.gov.br/values/t/4097/n1/all/n3/all/v/4090/p/202602/c11913/96165,31722"
SP,female_participation_pct,58.8,2026Q2,https://apisidra.ibge.gov.br/values/t/4093/n1/all/n3/all/v/4096/p/202602/c2/5
SP,women_pay_ratio_pct,77.1,2026Q2,"https://apisidra.ibge.gov.br/values/t/5436/n1/all/n3/all/v/5933/p/202602/c2/4,5"
PR,gini,0.470,2025,https://apisidra.ibge.gov.br/values/t/7435/n1/all/n3/all/v/10681/p/2025
PR,gdp_growth_pct,4.3,2023,https://agenciadenoticias.ibge.gov.br/media/com_mediaibge/arquivos/9c2b887d59dd6c63da1b39b00c6cacce.pdf
PR,clt_share_pct,44.6,2026Q2,"https://apisidra.ibge.gov.br/values/t/4097/n1/all/n3/all/v/4090/p/202602/c11913/96165,31722"
PR,female_participation_pct,57.4,2026Q2,https://apisidra.ibge.gov.br/values/t/4093/n1/all/n3/all/v/4096/p/202602/c2/5
PR,women_pay_ratio_pct,77.0,2026Q2,"https://apisidra.ibge.gov.br/values/t/5436/n1/all/n3/all/v/5933/p/202602/c2/4,5"
SC,gini,0.425,2025,https://apisidra.ibge.gov.br/values/t/7435/n1/all/n3/all/v/10681/p/2025
SC,gdp_growth_pct,1.9,2023,https://agenciadenoticias.ibge.gov.br/media/com_mediaibge/arquivos/9c2b887d59dd6c63da1b39b00c6cacce.pdf
SC,clt_share_pct,49.2,2026Q2,"https://apisidra.ibge.gov.br/values/t/4097/n1/all/n3/all/v/4090/p/202602/c11913/96165,31722"
SC,female_participation_pct,60.4,2026Q2,https://apisidra.ibge.gov.br/values/t/4093/n1/all/n3/all/v/4096/p/202602/c2/5
SC,women_pay_ratio_pct,75.8,2026Q2,"https://apisidra.ibge.gov.br/values/t/5436/n1/all/n3/all/v/5933/p/202602/c2/4,5"
RS,gini,0.468,2025,https://apisidra.ibge.gov.br/values/t/7435/n1/all/n3/all/v/10681/p/2025
RS,gdp_growth_pct,1.3,2023,https://agenciadenoticias.ibge.gov.br/media/com_mediaibge/arquivos/9c2b887d59dd6c63da1b39b00c6cacce.pdf
RS,clt_share_pct,44.0,2026Q2,"https://apisidra.ibge.gov.br/values/t/4097/n1/all/n3/all/v/4090/p/202602/c11913/96165,31722"
RS,female_participation_pct,57.5,2026Q2,https://apisidra.ibge.gov.br/values/t/4093/n1/all/n3/all/v/4096/p/202602/c2/5
RS,women_pay_ratio_pct,76.8,2026Q2,"https://apisidra.ibge.gov.br/values/t/5436/n1/all/n3/all/v/5933/p/202602/c2/4,5"
MS,gini,0.457,2025,https://apisidra.ibge.gov.br/values/t/7435/n1/all/n3/all/v/10681/p/2025
MS,gdp_growth_pct,13.4,2023,https://agenciadenoticias.ibge.gov.br/media/com_mediaibge/arquivos/9c2b887d59dd6c63da1b39b00c6cacce.pdf
MS,clt_share_pct,41.1,2026Q2,"https://apisidra.ibge.gov.br/values/t/4097/n1/all/n3/all/v/4090/p/202602/c11913/96165,31722"
MS,female_participation_pct,56.2,2026Q2,https://apisidra.ibge.gov.br/values/t/4093/n1/all/n3/all/v/4096/p/202602/c2/5
MS,women_pay_ratio_pct,76.9,2026Q2,"https://apisidra.ibge.gov.br/values/t/5436/n1/all/n3/all/v/5933/p/202602/c2/4,5"
MT,gini,0.439,2025,https://apisidra.ibge.gov.br/values/t/7435/n1/all/n3/all/v/10681/p/2025
MT,gdp_growth_pct,12.9,2023,https://agenciadenoticias.ibge.gov.br/media/com_mediaibge/arquivos/9c2b887d59dd6c63da1b39b00c6cacce.pdf
MT,clt_share_pct,42.6,2026Q2,"https://apisidra.ibge.gov.br/values/t/4097/n1/all/n3/all/v/4090/p/202602/c11913/96165,31722"
MT,female_participation_pct,57.8,2026Q2,https://apisidra.ibge.gov.br/values/t/4093/n1/all/n3/all/v/4096/p/202602/c2/5
MT,women_pay_ratio_pct,76.0,2026Q2,"https://apisidra.ibge.gov.br/values/t/5436/n1/all/n3/all/v/5933/p/202602/c2/4,5"
GO,gini,0.479,2025,https://apisidra.ibge.gov.br/values/t/7435/n1/all/n3/all/v/10681/p/2025
GO,gdp_growth_pct,4.8,2023,https://agenciadenoticias.ibge.gov.br/media/com_mediaibge/arquivos/9c2b887d59dd6c63da1b39b00c6cacce.pdf
GO,clt_share_pct,38.3,2026Q2,"https://apisidra.ibge.gov.br/values/t/4097/n1/all/n3/all/v/4090/p/202602/c11913/96165,31722"
GO,female_participation_pct,56.2,2026Q2,https://apisidra.ibge.gov.br/values/t/4093/n1/all/n3/all/v/4096/p/202602/c2/5
GO,women_pay_ratio_pct,72.7,2026Q2,"https://apisidra.ibge.gov.br/values/t/5436/n1/all/n3/all/v/5933/p/202602/c2/4,5"
DF,gini,0.570,2025,https://apisidra.ibge.gov.br/values/t/7435/n1/all/n3/all/v/10681/p/2025
DF,gdp_growth_pct,3.3,2023,https://agenciadenoticias.ibge.gov.br/media/com_mediaibge/arquivos/9c2b887d59dd6c63da1b39b00c6cacce.pdf
DF,clt_share_pct,37.1,2026Q2,"https://apisidra.ibge.gov.br/values/t/4097/n1/all/n3/all/v/4090/p/202602/c11913/96165,31722"
DF,female_participation_pct,59.9,2026Q2,https://apisidra.ibge.gov.br/values/t/4093/n1/all/n3/all/v/4096/p/202602/c2/5
DF,women_pay_ratio_pct,79.8,2026Q2,"https://apisidra.ibge.gov.br/values/t/5436/n1/all/n3/all/v/5933/p/202602/c2/4,5"
BR,internet_individuals_pct,90.5,2025,"https://apisidra.ibge.gov.br/values/t/7334/n1/all/n3/all/v/10659/p/2024,2025/c58/95253"
BR,smartphone_users_pct,89.8,2025,"https://apisidra.ibge.gov.br/values/t/7377/n1/all/n3/all/v/10648/p/2024,2025/c426/11322/c427/11327"
RO,internet_individuals_pct,93.7,2025,"https://apisidra.ibge.gov.br/values/t/7334/n1/all/n3/all/v/10659/p/2024,2025/c58/95253"
RO,smartphone_users_pct,91.0,2025,"https://apisidra.ibge.gov.br/values/t/7377/n1/all/n3/all/v/10648/p/2024,2025/c426/11322/c427/11327"
AC,internet_individuals_pct,87.8,2025,"https://apisidra.ibge.gov.br/values/t/7334/n1/all/n3/all/v/10659/p/2024,2025/c58/95253"
AC,smartphone_users_pct,86.4,2025,"https://apisidra.ibge.gov.br/values/t/7377/n1/all/n3/all/v/10648/p/2024,2025/c426/11322/c427/11327"
AM,internet_individuals_pct,88.5,2025,"https://apisidra.ibge.gov.br/values/t/7334/n1/all/n3/all/v/10659/p/2024,2025/c58/95253"
AM,smartphone_users_pct,84.8,2025,"https://apisidra.ibge.gov.br/values/t/7377/n1/all/n3/all/v/10648/p/2024,2025/c426/11322/c427/11327"
RR,internet_individuals_pct,92.5,2025,"https://apisidra.ibge.gov.br/values/t/7334/n1/all/n3/all/v/10659/p/2024,2025/c58/95253"
RR,smartphone_users_pct,87.1,2025,"https://apisidra.ibge.gov.br/values/t/7377/n1/all/n3/all/v/10648/p/2024,2025/c426/11322/c427/11327"
PA,internet_individuals_pct,89.0,2025,"https://apisidra.ibge.gov.br/values/t/7334/n1/all/n3/all/v/10659/p/2024,2025/c58/95253"
PA,smartphone_users_pct,82.9,2025,"https://apisidra.ibge.gov.br/values/t/7377/n1/all/n3/all/v/10648/p/2024,2025/c426/11322/c427/11327"
AP,internet_individuals_pct,93.2,2025,"https://apisidra.ibge.gov.br/values/t/7334/n1/all/n3/all/v/10659/p/2024,2025/c58/95253"
AP,smartphone_users_pct,87.2,2025,"https://apisidra.ibge.gov.br/values/t/7377/n1/all/n3/all/v/10648/p/2024,2025/c426/11322/c427/11327"
TO,internet_individuals_pct,89.3,2025,"https://apisidra.ibge.gov.br/values/t/7334/n1/all/n3/all/v/10659/p/2024,2025/c58/95253"
TO,smartphone_users_pct,90.8,2025,"https://apisidra.ibge.gov.br/values/t/7377/n1/all/n3/all/v/10648/p/2024,2025/c426/11322/c427/11327"
MA,internet_individuals_pct,86.2,2025,"https://apisidra.ibge.gov.br/values/t/7334/n1/all/n3/all/v/10659/p/2024,2025/c58/95253"
MA,smartphone_users_pct,81.8,2025,"https://apisidra.ibge.gov.br/values/t/7377/n1/all/n3/all/v/10648/p/2024,2025/c426/11322/c427/11327"
PI,internet_individuals_pct,88.9,2025,"https://apisidra.ibge.gov.br/values/t/7334/n1/all/n3/all/v/10659/p/2024,2025/c58/95253"
PI,smartphone_users_pct,84.0,2025,"https://apisidra.ibge.gov.br/values/t/7377/n1/all/n3/all/v/10648/p/2024,2025/c426/11322/c427/11327"
CE,internet_individuals_pct,87.4,2025,"https://apisidra.ibge.gov.br/values/t/7334/n1/all/n3/all/v/10659/p/2024,2025/c58/95253"
CE,smartphone_users_pct,83.9,2025,"https://apisidra.ibge.gov.br/values/t/7377/n1/all/n3/all/v/10648/p/2024,2025/c426/11322/c427/11327"
RN,internet_individuals_pct,87.4,2025,"https://apisidra.ibge.gov.br/values/t/7334/n1/all/n3/all/v/10659/p/2024,2025/c58/95253"
RN,smartphone_users_pct,87.4,2025,"https://apisidra.ibge.gov.br/values/t/7377/n1/all/n3/all/v/10648/p/2024,2025/c426/11322/c427/11327"
PB,internet_individuals_pct,89.3,2025,"https://apisidra.ibge.gov.br/values/t/7334/n1/all/n3/all/v/10659/p/2024,2025/c58/95253"
PB,smartphone_users_pct,86.0,2025,"https://apisidra.ibge.gov.br/values/t/7377/n1/all/n3/all/v/10648/p/2024,2025/c426/11322/c427/11327"
PE,internet_individuals_pct,89.0,2025,"https://apisidra.ibge.gov.br/values/t/7334/n1/all/n3/all/v/10659/p/2024,2025/c58/95253"
PE,smartphone_users_pct,86.0,2025,"https://apisidra.ibge.gov.br/values/t/7377/n1/all/n3/all/v/10648/p/2024,2025/c426/11322/c427/11327"
AL,internet_individuals_pct,88.4,2025,"https://apisidra.ibge.gov.br/values/t/7334/n1/all/n3/all/v/10659/p/2024,2025/c58/95253"
AL,smartphone_users_pct,85.2,2025,"https://apisidra.ibge.gov.br/values/t/7377/n1/all/n3/all/v/10648/p/2024,2025/c426/11322/c427/11327"
SE,internet_individuals_pct,91.4,2025,"https://apisidra.ibge.gov.br/values/t/7334/n1/all/n3/all/v/10659/p/2024,2025/c58/95253"
SE,smartphone_users_pct,87.5,2025,"https://apisidra.ibge.gov.br/values/t/7377/n1/all/n3/all/v/10648/p/2024,2025/c426/11322/c427/11327"
BA,internet_individuals_pct,89.6,2025,"https://apisidra.ibge.gov.br/values/t/7334/n1/all/n3/all/v/10659/p/2024,2025/c58/95253"
BA,smartphone_users_pct,87.0,2025,"https://apisidra.ibge.gov.br/values/t/7377/n1/all/n3/all/v/10648/p/2024,2025/c426/11322/c427/11327"
MG,internet_individuals_pct,89.4,2025,"https://apisidra.ibge.gov.br/values/t/7334/n1/all/n3/all/v/10659/p/2024,2025/c58/95253"
MG,smartphone_users_pct,90.7,2025,"https://apisidra.ibge.gov.br/values/t/7377/n1/all/n3/all/v/10648/p/2024,2025/c426/11322/c427/11327"
ES,internet_individuals_pct,90.3,2025,"https://apisidra.ibge.gov.br/values/t/7334/n1/all/n3/all/v/10659/p/2024,2025/c58/95253"
ES,smartphone_users_pct,90.4,2025,"https://apisidra.ibge.gov.br/values/t/7377/n1/all/n3/all/v/10648/p/2024,2025/c426/11322/c427/11327"
RJ,internet_individuals_pct,92.8,2025,"https://apisidra.ibge.gov.br/values/t/7334/n1/all/n3/all/v/10659/p/2024,2025/c58/95253"
RJ,smartphone_users_pct,91.5,2025,"https://apisidra.ibge.gov.br/values/t/7377/n1/all/n3/all/v/10648/p/2024,2025/c426/11322/c427/11327"
SP,internet_individuals_pct,90.9,2025,"https://apisidra.ibge.gov.br/values/t/7334/n1/all/n3/all/v/10659/p/2024,2025/c58/95253"
SP,smartphone_users_pct,92.7,2025,"https://apisidra.ibge.gov.br/values/t/7377/n1/all/n3/all/v/10648/p/2024,2025/c426/11322/c427/11327"
PR,internet_individuals_pct,90.0,2025,"https://apisidra.ibge.gov.br/values/t/7334/n1/all/n3/all/v/10659/p/2024,2025/c58/95253"
PR,smartphone_users_pct,92.1,2025,"https://apisidra.ibge.gov.br/values/t/7377/n1/all/n3/all/v/10648/p/2024,2025/c426/11322/c427/11327"
SC,internet_individuals_pct,93.3,2025,"https://apisidra.ibge.gov.br/values/t/7334/n1/all/n3/all/v/10659/p/2024,2025/c58/95253"
SC,smartphone_users_pct,92.3,2025,"https://apisidra.ibge.gov.br/values/t/7377/n1/all/n3/all/v/10648/p/2024,2025/c426/11322/c427/11327"
RS,internet_individuals_pct,92.3,2025,"https://apisidra.ibge.gov.br/values/t/7334/n1/all/n3/all/v/10659/p/2024,2025/c58/95253"
RS,smartphone_users_pct,92.6,2025,"https://apisidra.ibge.gov.br/values/t/7377/n1/all/n3/all/v/10648/p/2024,2025/c426/11322/c427/11327"
MS,internet_individuals_pct,89.3,2025,"https://apisidra.ibge.gov.br/values/t/7334/n1/all/n3/all/v/10659/p/2024,2025/c58/95253"
MS,smartphone_users_pct,91.4,2025,"https://apisidra.ibge.gov.br/values/t/7377/n1/all/n3/all/v/10648/p/2024,2025/c426/11322/c427/11327"
MT,internet_individuals_pct,92.8,2025,"https://apisidra.ibge.gov.br/values/t/7334/n1/all/n3/all/v/10659/p/2024,2025/c58/95253"
MT,smartphone_users_pct,92.6,2025,"https://apisidra.ibge.gov.br/values/t/7377/n1/all/n3/all/v/10648/p/2024,2025/c426/11322/c427/11327"
GO,internet_individuals_pct,94.4,2025,"https://apisidra.ibge.gov.br/values/t/7334/n1/all/n3/all/v/10659/p/2024,2025/c58/95253"
GO,smartphone_users_pct,93.1,2025,"https://apisidra.ibge.gov.br/values/t/7377/n1/all/n3/all/v/10648/p/2024,2025/c426/11322/c427/11327"
DF,internet_individuals_pct,96.8,2025,"https://apisidra.ibge.gov.br/values/t/7334/n1/all/n3/all/v/10659/p/2024,2025/c58/95253"
DF,smartphone_users_pct,94.3,2025,"https://apisidra.ibge.gov.br/values/t/7377/n1/all/n3/all/v/10648/p/2024,2025/c426/11322/c427/11327"
