election,uf,winner_1st_pct,runner_up_1st_pct,winner_2nd_pct,runner_up_2nd_pct
1989,AC,38.95,17.93,69.18,30.82
1989,AL,64.38,8.85,76.07,23.93
1989,AM,50.49,21.05,66.79,33.21
1989,AP,48.42,24.09,64.25,35.75
1989,BA,34.77,25.93,51.68,48.32
1989,CE,33.09,12.36,56.91,43.09
1989,DF,22.75,29.06,37.32,62.68
1989,ES,39.62,22.39,59.30,40.70
1989,GO,45.39,16.86,68.44,31.56
1989,MA,46.93,19.67,62.44,37.56
1989,MG,36.12,23.11,55.51,44.49
1989,MS,53.23,8.99,72.85,27.15
1989,MT,46.60,10.36,66.39,33.61
1989,PA,52.01,19.34,72.49,27.51
1989,PB,35.16,24.14,54.97,45.03
1989,PE,37.74,33.61,49.10,50.90
1989,PI,39.75,22.73,58.92,41.08
1989,PR,40.64,8.27,67.29,32.71
1989,RJ,16.07,12.22,27.08,72.92
1989,RN,33.37,24.40,52.59,47.41
1989,RO,42.82,19.53,63.25,36.75
1989,RR,59.72,10.07,76.35,23.65
1989,RS,9.23,6.72,31.28,68.72
1989,SC,23.52,10.58,50.32,49.68
1989,SE,50.81,18.19,65.89,34.11
1989,SP,24.40,17.45,57.90,42.10
1989,TO,57.08,9.65,78.39,21.61
1994,AC,54.0,23.8,,
1994,AL,76.2,12.3,,
1994,AM,60.5,23.3,,
1994,AP,59.1,26.8,,
1994,BA,52.4,35.2,,
1994,CE,61.2,27.0,,
1994,DF,38.7,44.8,,
1994,ES,60.0,27.9,,
1994,GO,67.5,18.6,,
1994,MA,62.2,23.1,,
1994,MG,64.8,21.9,,
1994,MS,63.6,22.2,,
1994,MT,64.3,19.1,,
1994,PA,54.5,30.6,,
1994,PB,63.0,25.7,,
1994,PE,53.8,37.0,,
1994,PI,51.5,32.0,,
1994,PR,60.3,22.7,,
1994,RJ,47.2,25.7,,
1994,RN,64.3,24.1,,
1994,RO,63.4,21.9,,
1994,RR,71.6,13.7,,
1994,RS,29.6,33.5,,
1994,SC,33.2,26.6,,
1994,SE,47.4,36.9,,
1994,SP,55.7,27.0,,
1994,TO,68.0,15.9,,
1998,AC,46.8,30.9,,
1998,AL,54.8,22.4,,
1998,AM,54.7,25.6,,
1998,AP,42.3,38.7,,
1998,BA,50.9,35.3,,
1998,CE,30.3,32.8,,
1998,DF,40.4,29.7,,
1998,ES,64.7,21.0,,
1998,GO,66.0,19.6,,
1998,MA,48.6,29.4,,
1998,MG,55.7,28.1,,
1998,MS,61.3,24.7,,
1998,MT,73.1,16.5,,
1998,PA,56.8,29.5,,
1998,PB,45.3,33.7,,
1998,PE,57.2,31.1,,
1998,PI,48.1,26.9,,
1998,PR,59.2,27.8,,
1998,RJ,42.3,42.3,,
1998,RN,50.7,25.8,,
1998,RO,66.4,21.3,,
1998,RR,61.9,17.8,,
1998,RS,40.6,49.0,,
1998,SC,49.4,36.6,,
1998,SE,47.4,35.3,,
1998,SP,59.9,28.8,,
1998,TO,66.7,16.7,,
2002,AC,46.81,18.97,59.94,40.06
2002,AL,28.59,29.24,43.61,56.39
2002,AM,47.72,14.95,69.88,30.12
2002,AP,49.94,8.80,75.51,24.49
2002,BA,55.27,16.86,65.69,34.31
2002,CE,39.36,8.53,71.78,28.22
2002,DF,49.07,16.75,62.26,37.74
2002,ES,44.51,20.76,59.36,40.64
2002,GO,42.09,27.91,57.08,42.92
2002,MA,40.88,12.05,58.48,41.52
2002,MG,53.01,22.85,66.45,33.55
2002,MS,41.48,28.70,55.14,44.86
2002,MT,40.64,29.70,54.46,45.54
2002,PA,42.27,26.59,52.65,47.35
2002,PB,47.76,29.53,57.02,42.98
2002,PE,46.43,28.45,57.07,42.93
2002,PI,46.84,27.29,60.73,39.27
2002,PR,50.13,26.98,59.22,40.78
2002,RJ,40.16,8.81,78.97,21.03
2002,RN,43.67,22.29,58.64,41.36
2002,RO,45.03,20.35,55.56,44.44
2002,RR,44.96,11.99,65.55,34.45
2002,RS,45.18,32.40,55.84,44.16
2002,SC,56.59,23.27,64.14,35.86
2002,SE,44.27,19.85,57.50,42.50
2002,SP,46.11,28.52,55.39,44.61
2002,TO,43.10,33.96,54.03,45.97
2006,AC,41.78,52.62,52.55,47.45
2006,AL,46.63,37.79,61.45,38.55
2006,AM,78.06,12.45,86.82,13.18
2006,AP,54.42,32.19,70.40,29.60
2006,BA,66.65,26.03,78.16,21.84
2006,CE,71.22,22.79,82.38,17.62
2006,DF,37.05,44.11,56.96,43.04
2006,ES,52.97,37.15,65.54,34.46
2006,GO,40.17,51.50,54.77,45.23
2006,MA,75.50,18.81,84.62,15.38
2006,MG,50.80,40.62,65.19,34.81
2006,MS,35.99,56.96,44.98,55.02
2006,MT,38.65,54.82,49.65,50.35
2006,PA,51.78,41.59,60.17,39.83
2006,PB,65.31,27.87,75.01,24.99
2006,PE,70.93,22.86,78.48,21.52
2006,PI,67.28,28.05,77.49,22.51
2006,PR,37.90,53.01,49.25,50.75
2006,RJ,49.18,28.86,69.69,30.31
2006,RN,60.17,31.57,69.73,30.27
2006,RO,45.06,47.04,55.33,44.67
2006,RR,26.15,59.73,38.50,61.50
2006,RS,33.07,55.76,44.65,55.35
2006,SC,33.22,56.61,45.47,54.53
2006,SE,47.33,44.36,60.16,39.84
2006,SP,36.77,54.20,47.73,52.27
2006,TO,58.62,37.31,70.27,29.73
2010,AC,23.92,52.13,30.33,69.67
2010,AL,50.92,36.46,53.63,46.37
2010,AM,64.98,8.47,80.57,19.43
2010,AP,47.38,21.36,62.66,37.34
2010,BA,62.62,20.98,70.85,29.15
2010,CE,66.30,16.36,77.35,22.65
2010,DF,31.74,24.30,52.81,47.19
2010,ES,37.25,35.44,49.17,50.83
2010,GO,42.23,39.48,49.25,50.75
2010,MA,70.65,15.09,79.09,20.91
2010,MG,46.98,30.76,58.45,41.55
2010,MS,39.86,42.35,44.87,55.13
2010,MT,42.94,44.16,48.89,51.11
2010,PA,47.93,37.70,53.20,46.80
2010,PB,53.21,28.43,61.55,38.45
2010,PE,61.74,17.37,75.65,24.35
2010,PI,67.09,20.93,69.98,30.02
2010,PR,38.94,43.94,44.56,55.44
2010,RJ,43.76,22.53,60.48,39.52
2010,RN,51.76,28.14,59.54,40.46
2010,RO,40.73,45.40,47.37,52.63
2010,RR,28.72,51.03,33.44,66.56
2010,RS,46.95,40.59,49.06,50.94
2010,SC,38.71,45.77,43.39,56.61
2010,SE,47.67,38.05,53.56,46.44
2010,SP,37.31,40.66,45.95,54.05
2010,TO,50.98,27.99,58.88,41.12
2014,AC,27.98,29.08,36.32,63.68
2014,AL,49.94,22.11,62.12,37.88
2014,AM,54.54,19.43,65.02,34.98
2014,AP,51.10,25.44,61.45,38.55
2014,BA,61.44,18.27,70.16,29.84
2014,CE,68.30,14.97,76.75,23.25
2014,DF,23.02,36.10,38.10,61.90
2014,ES,33.12,35.12,46.15,53.85
2014,GO,32.10,41.54,42.89,57.11
2014,MA,69.56,17.01,78.76,21.24
2014,MG,43.48,39.75,52.41,47.59
2014,MS,37.51,41.31,43.67,56.33
2014,MT,39.53,44.47,45.33,54.67
2014,PA,53.18,27.57,57.41,42.59
2014,PB,55.61,23.38,64.26,35.74
2014,PE,44.22,5.92,70.20,29.80
2014,PI,70.61,13.84,78.30,21.70
2014,PR,32.54,49.79,39.02,60.98
2014,RJ,35.62,26.93,54.94,45.06
2014,RN,60.06,19.82,69.96,30.04
2014,RO,41.70,44.91,45.15,54.85
2014,RR,33.20,43.63,41.10,58.90
2014,RS,43.21,41.20,46.47,53.53
2014,SC,30.76,52.89,35.41,64.59
2014,SE,54.93,22.68,67.01,32.99
2014,SP,25.82,44.22,35.69,64.31
2014,TO,50.23,27.67,59.49,40.51
2018,AC,62.24,18.53,77.22,22.78
2018,AL,34.40,44.75,40.08,59.92
2018,AM,43.48,40.30,50.27,49.73
2018,AP,40.74,32.77,50.20,49.80
2018,BA,23.41,60.28,27.31,72.69
2018,CE,21.74,33.12,28.89,71.11
2018,DF,58.37,11.87,69.99,30.01
2018,ES,54.76,24.20,63.06,36.94
2018,GO,57.24,21.86,65.52,34.48
2018,MA,24.28,61.26,26.74,73.26
2018,MG,48.31,27.65,58.19,41.81
2018,MS,55.06,23.87,65.22,34.78
2018,MT,60.04,24.76,66.42,33.58
2018,PA,36.19,41.39,45.19,54.81
2018,PB,31.30,45.46,35.02,64.98
2018,PE,30.57,48.87,33.50,66.50
2018,PI,18.76,63.40,22.95,77.05
2018,PR,56.89,19.70,68.43,31.57
2018,RJ,59.79,14.69,67.95,32.05
2018,RN,30.21,41.19,36.59,63.41
2018,RO,62.24,20.36,72.18,27.82
2018,RR,62.97,17.85,71.55,28.45
2018,RS,52.63,22.81,63.24,36.76
2018,SC,65.82,15.13,75.92,24.08
2018,SE,27.21,50.09,32.46,67.54
2018,SP,53.00,16.42,67.97,32.03
2018,TO,44.64,41.12,48.98,51.02
2022,AC,29.26,62.50,29.70,70.30
2022,AL,56.50,36.05,58.68,41.32
2022,AM,49.58,42.80,51.10,48.90
2022,AP,45.67,43.41,48.64,51.36
2022,BA,69.73,24.31,72.12,27.88
2022,CE,65.91,25.38,69.97,30.03
2022,DF,36.85,51.65,41.19,58.81
2022,ES,40.40,52.23,41.96,58.04
2022,GO,39.51,52.16,41.29,58.71
2022,MA,68.84,26.02,71.14,28.86
2022,MG,48.29,43.60,50.20,49.80
2022,MS,39.04,52.70,40.51,59.49
2022,MT,34.39,59.84,34.92,65.08
2022,PA,52.22,40.27,54.75,45.25
2022,PB,64.21,29.62,66.62,33.38
2022,PE,65.27,29.91,66.93,33.07
2022,PI,74.25,19.90,76.86,23.14
2022,PR,35.99,55.26,37.60,62.40
2022,RJ,40.68,51.09,43.47,56.53
2022,RN,62.98,31.02,65.10,34.90
2022,RO,28.98,64.36,29.34,70.66
2022,RR,23.05,69.57,23.92,76.08
2022,RS,42.28,48.89,43.65,56.35
2022,SC,29.54,62.21,30.73,69.27
2022,SE,63.82,29.16,67.21,32.79
2022,SP,40.89,47.71,44.76,55.24
2022,TO,50.40,44.00,51.36,48.64
2026,AC,64.56,28.73,,
2026,AL,40.45,54.73,,
2026,AP,45.67,45.71,,
2026,AM,45.03,48.20,,
2026,BA,28.53,66.17,,
2026,CE,31.27,63.29,,
2026,DF,51.31,38.11,,
2026,ES,54.78,37.76,,
2026,GO,53.60,31.06,,
2026,MA,30.90,63.98,,
2026,MT,65.15,29.18,,
2026,MS,58.60,34.68,,
2026,MG,48.24,43.33,,
2026,PA,44.50,49.91,,
2026,PB,33.07,61.31,,
2026,PR,59.91,31.20,,
2026,PE,31.03,63.45,,
2026,PI,24.09,70.99,,
2026,RJ,53.01,39.41,,
2026,RN,34.77,59.75,,
2026,RS,55.64,35.73,,
2026,RO,67.45,25.89,,
2026,RR,71.06,22.86,,
2026,SC,66.65,25.04,,
2026,SP,51.93,38.20,,
2026,SE,30.63,62.75,,
2026,TO,50.44,43.42,,
